StorageUnit,name,carrier,bus,p_nom,capital_cost,max_hours,efficiency_store,efficiency_dispatch,cyclic_state_of_charge,p_min_pu,build_year,control,type,p_nom_extendable,p_nom_min,p_nom_max,p_max_pu,p_set,q_set,sign,marginal_cost,lifetime,state_of_charge_initial,state_of_charge_initial_per_period,state_of_charge_set,cyclic_state_of_charge_per_period,standing_loss,inflow,p_nom_opt,country,bidding_zone,p_set_before_scaling
52 hydro,Kymmen,PHS,6630,56.0,177831.093925293,,0.866025403784439,0.866025403784439,1,-1.0,0,PQ,hydro,0,0.0,Inf,1.0,90.3176833751453,0.0,1.0,0.0,Inf,0.0,0,,1,0.0,0.0,0.0,SE,SE_3,56.0
111 hydro,Letten 2,PHS,6630,36.0,177831.093925293,2003.33333333333,0.866025403784439,0.866025403784439,1,-1.0,0,PQ,hydro,0,0.0,Inf,1.0,58.061367884022,0.0,1.0,0.0,Inf,0.0,0,,1,0.0,0.0,0.0,SE,SE_3,36.0
332 hydro,Tevla 2,PHS,7061,49.6,177831.093925293,2054.20967741935,0.866025403784439,0.866025403784439,1,-1.0,0,PQ,hydro,0,0.0,Inf,1.0,31.1489249687409,0.0,1.0,0.0,Inf,0.0,0,,1,0.0,0.0,0.0,NO,NO_3,49.6
373 hydro,Stolsdal,PHS,6694,23.0,177831.093925293,30.9176470588235,0.866025403784439,0.866025403784439,1,-1.0,0,PQ,hydro,0,0.0,Inf,1.0,14.3429251468894,0.0,1.0,0.0,Inf,0.0,0,,1,0.0,0.0,0.0,NO,NO_2,23.0
411 hydro,Jukla 2,PHS,6675,35.0,177831.093925293,3507.42857142857,0.866025403784439,0.866025403784439,1,-1.0,0,PQ,hydro,0,0.0,Inf,1.0,21.8261904409187,0.0,1.0,0.0,Inf,0.0,0,,1,0.0,0.0,0.0,NO,NO_2,35.0
452 hydro,Brattingfoss,PHS,6812,10.7,177831.093925293,2480.0,0.866025403784439,0.866025403784439,1,-1.0,0,PQ,hydro,0,0.0,Inf,1.0,6.71962695898241,0.0,1.0,0.0,Inf,0.0,0,,1,0.0,0.0,0.0,NO,NO_3,10.7
509 hydro,Herva 5,PHS,6666,33.0,177831.093925293,4278.9,0.866025403784439,0.866025403784439,1,-1.0,0,PQ,hydro,0,0.0,Inf,1.0,11.7055834875277,0.0,1.0,0.0,Inf,0.0,0,,1,0.0,0.0,0.0,NO,NO_5,33.0
571 hydro,Nygard 5,PHS,6651,81.0,177831.093925293,1714.55714285714,0.866025403784439,0.866025403784439,1,-1.0,0,PQ,hydro,0,0.0,Inf,1.0,28.7318867421134,0.0,1.0,0.0,Inf,0.0,0,,1,0.0,0.0,0.0,NO,NO_5,81.0
575 hydro,Oljusjoen 2,PHS,6667,50.0,177831.093925293,1487.64,0.866025403784439,0.866025403784439,1,-1.0,0,PQ,hydro,0,0.0,Inf,1.0,17.7357325568601,0.0,1.0,0.0,Inf,0.0,0,,1,0.0,0.0,0.0,NO,NO_5,50.0
0 hydro,Bastusel,hydro,6929,100.0,177831.093925293,6.0,0.0,0.9,1,0.0,0,PQ,hydro,0,0.0,Inf,1.0,75.0882631833417,0.0,1.0,0.0,Inf,0.0,0,,1,0.0,0.0,0.0,SE,SE_2,100.0
1 hydro,Gallejaur,hydro,6932,214.0,177831.093925293,6.0,0.0,0.9,1,0.0,0,PQ,hydro,0,0.0,Inf,1.0,80.8804044903253,0.0,1.0,0.0,Inf,0.0,0,,1,0.0,0.0,0.0,SE,SE_1,214.0
2 hydro,Harspranget,hydro,7003,830.0,177831.093925293,6.0,0.0,0.9,1,0.0,0,PQ,hydro,0,0.0,Inf,1.0,313.695026761542,0.0,1.0,0.0,Inf,0.0,0,,1,0.0,0.0,0.0,SE,SE_1,830.0
3 hydro,Letsi,hydro,6930,487.0,177831.093925293,6.0,0.0,0.9,1,0.0,0,PQ,hydro,0,0.0,Inf,1.0,184.059612087796,0.0,1.0,0.0,Inf,0.0,0,,1,0.0,0.0,0.0,SE,SE_1,487.0
4 hydro,Ligga 2,hydro,7003,343.0,177831.093925293,6.0,0.0,0.9,1,0.0,0,PQ,hydro,0,0.0,Inf,1.0,129.635414673746,0.0,1.0,0.0,Inf,0.0,0,,1,0.0,0.0,0.0,SE,SE_1,343.0
5 hydro,Messaure,hydro,7005,452.0,177831.093925293,6.0,0.0,0.9,1,0.0,0,PQ,hydro,0,0.0,Inf,1.0,170.831508549659,0.0,1.0,0.0,Inf,0.0,0,,1,0.0,0.0,0.0,SE,SE_1,452.0
6 hydro,Porjus,hydro,7002,440.0,177831.093925293,6.0,0.0,0.9,1,0.0,0,PQ,hydro,0,0.0,Inf,1.0,166.296158765155,0.0,1.0,0.0,Inf,0.0,0,,1,0.0,0.0,0.0,SE,SE_1,440.0
7 hydro,Porsi 2,hydro,6930,275.0,177831.093925293,6.0,0.0,0.9,1,0.0,0,PQ,hydro,0,0.0,Inf,1.0,103.935099228222,0.0,1.0,0.0,Inf,0.0,0,,1,0.0,0.0,0.0,SE,SE_1,275.0
8 hydro,Ritsem,hydro,7062,320.0,177831.093925293,6.0,0.0,0.9,1,0.0,0,PQ,hydro,0,0.0,Inf,1.0,120.942660920113,0.0,1.0,0.0,Inf,0.0,0,,1,0.0,0.0,0.0,SE,SE_1,320.0
9 hydro,Seitevare,hydro,7001,225.0,177831.093925293,6.0,0.0,0.9,1,0.0,0,PQ,hydro,0,0.0,Inf,1.0,85.0378084594542,0.0,1.0,0.0,Inf,0.0,0,,1,0.0,0.0,0.0,SE,SE_1,225.0
10 hydro,Stalon,hydro,6953,133.0,177831.093925293,6.0,0.0,0.9,1,0.0,0,PQ,hydro,0,0.0,Inf,1.0,99.8673900338444,0.0,1.0,0.0,Inf,0.0,0,,1,0.0,0.0,0.0,SE,SE_2,133.0
11 hydro,Stornorrfors,hydro,6809,581.0,177831.093925293,6.0,0.0,0.9,1,0.0,0,PQ,hydro,0,0.0,Inf,1.0,436.262809095215,0.0,1.0,0.0,Inf,0.0,0,,1,0.0,0.0,0.0,SE,SE_2,581.0
12 hydro,Trangslet,hydro,6825,330.0,177831.093925293,6.0,0.0,0.9,1,0.0,0,PQ,hydro,0,0.0,Inf,1.0,247.791268505027,0.0,1.0,0.0,Inf,0.0,0,,1,0.0,0.0,0.0,SE,SE_2,330.0
13 hydro,Vietas,hydro,7000,325.0,177831.093925293,6.0,0.0,0.9,1,0.0,0,PQ,hydro,0,0.0,Inf,1.0,122.832389996989,0.0,1.0,0.0,Inf,0.0,0,,1,0.0,0.0,0.0,SE,SE_1,325.0
15 hydro,Alvkarleby,hydro,6588,125.0,177831.093925293,6.0,0.0,0.9,1,0.0,0,PQ,hydro,0,0.0,Inf,1.0,201.601971819521,0.0,1.0,0.0,Inf,0.0,0,,1,0.0,0.0,0.0,SE,SE_3,125.0
16 hydro,Bergeforsen,hydro,6807,160.0,177831.093925293,6.0,0.0,0.9,1,0.0,0,PQ,hydro,0,0.0,Inf,1.0,120.141221093347,0.0,1.0,0.0,Inf,0.0,0,,1,0.0,0.0,0.0,SE,SE_2,160.0
17 hydro,Forsmo 2,hydro,6800,155.0,177831.093925293,6.0,0.0,0.9,1,0.0,0,PQ,hydro,0,0.0,Inf,1.0,116.38680793418,0.0,1.0,0.0,Inf,0.0,0,,1,0.0,0.0,0.0,SE,SE_2,155.0
18 hydro,Hojum,hydro,6306,172.0,177831.093925293,6.0,0.0,0.9,1,0.0,0,PQ,hydro,0,0.0,Inf,1.0,277.404313223661,0.0,1.0,0.0,Inf,0.0,0,,1,0.0,0.0,0.0,SE,SE_3,172.0
19 hydro,Holjes,hydro,6823,135.0,177831.093925293,6.0,0.0,0.9,1,0.0,0,PQ,hydro,0,0.0,Inf,1.0,101.369155297511,0.0,1.0,0.0,Inf,0.0,0,,1,0.0,0.0,0.0,SE,SE_2,135.0
20 hydro,Vargfors 2,hydro,6932,131.0,177831.093925293,6.0,0.0,0.9,1,0.0,0,PQ,hydro,0,0.0,Inf,1.0,49.5109018141711,0.0,1.0,0.0,Inf,0.0,0,,1,0.0,0.0,0.0,SE,SE_1,131.0
21 hydro,Kilforsen,hydro,6833,275.0,177831.093925293,6.0,0.0,0.9,1,0.0,0,PQ,hydro,0,0.0,Inf,1.0,206.49272375419,0.0,1.0,0.0,Inf,0.0,0,,1,0.0,0.0,0.0,SE,SE_2,275.0
22 hydro,Krangede,hydro,6837,250.0,177831.093925293,6.0,0.0,0.9,1,0.0,0,PQ,hydro,0,0.0,Inf,1.0,187.720657958354,0.0,1.0,0.0,Inf,0.0,0,,1,0.0,0.0,0.0,SE,SE_2,250.0
23 hydro,Laxede 3,hydro,6930,202.0,177831.093925293,6.0,0.0,0.9,1,0.0,0,PQ,hydro,0,0.0,Inf,1.0,76.3450547058211,0.0,1.0,0.0,Inf,0.0,0,,1,0.0,0.0,0.0,SE,SE_1,202.0
24 hydro,Midskog,hydro,6827,155.0,177831.093925293,6.0,0.0,0.9,1,0.0,0,PQ,hydro,0,0.0,Inf,1.0,116.38680793418,0.0,1.0,0.0,Inf,0.0,0,,1,0.0,0.0,0.0,SE,SE_2,155.0
25 hydro,Namforsen,hydro,6928,113.0,177831.093925293,6.0,0.0,0.9,1,0.0,0,PQ,hydro,0,0.0,Inf,1.0,84.8497373971761,0.0,1.0,0.0,Inf,0.0,0,,1,0.0,0.0,0.0,SE,SE_2,113.0
26 hydro,Akkats 3,hydro,7003,160.0,177831.093925293,6.0,0.0,0.9,1,0.0,0,PQ,hydro,0,0.0,Inf,1.0,60.4713304600563,0.0,1.0,0.0,Inf,0.0,0,,1,0.0,0.0,0.0,SE,SE_1,160.0
27 hydro,Lasele,hydro,6795,157.0,177831.093925293,6.0,0.0,0.9,1,0.0,0,PQ,hydro,0,0.0,Inf,1.0,117.888573197846,0.0,1.0,0.0,Inf,0.0,0,,1,0.0,0.0,0.0,SE,SE_2,157.0
30 hydro,Holleforsen,hydro,6841,140.0,177831.093925293,6.0,0.0,0.9,1,0.0,0,PQ,hydro,0,0.0,Inf,1.0,105.123568456678,0.0,1.0,0.0,Inf,0.0,0,,1,0.0,0.0,0.0,SE,SE_2,140.0
32 hydro,Torpshammar,hydro,6852,110.0,177831.093925293,6.0,0.0,0.9,1,0.0,0,PQ,hydro,0,0.0,Inf,1.0,82.5970895016758,0.0,1.0,0.0,Inf,0.0,0,,1,0.0,0.0,0.0,SE,SE_2,110.0
33 hydro,Stadsforsen 2,hydro,6841,132.0,177831.093925293,6.0,0.0,0.9,1,0.0,0,PQ,hydro,0,0.0,Inf,1.0,99.116507402011,0.0,1.0,0.0,Inf,0.0,0,,1,0.0,0.0,0.0,SE,SE_2,132.0
34 hydro,Tuggen 2,hydro,6929,105.0,177831.093925293,6.0,0.0,0.9,1,0.0,0,PQ,hydro,0,0.0,Inf,1.0,78.8426763425087,0.0,1.0,0.0,Inf,0.0,0,,1,0.0,0.0,0.0,SE,SE_2,105.0
35 hydro,Sveg,hydro,6846,35.5414012738853,177831.093925293,6.0,0.0,0.9,1,0.0,0,PQ,hydro,0,0.0,Inf,1.0,26.6874209275825,0.0,1.0,0.0,Inf,0.0,0,,1,0.0,0.0,0.0,SE,SE_2,35.5414012738853
36 hydro,Vittjarv,hydro,6931,25.1411047743267,177831.093925293,6.0,0.0,0.9,1,0.0,0,PQ,hydro,0,0.0,Inf,1.0,9.50197534337006,0.0,1.0,0.0,Inf,0.0,0,,1,0.0,0.0,0.0,SE,SE_1,25.1411047743267
38 hydro,Nas,hydro,6636,21.3471337579617,177831.093925293,6.0,0.0,0.9,1,0.0,0,PQ,hydro,0,0.0,Inf,1.0,34.4289940664011,0.0,1.0,0.0,Inf,0.0,0,,1,0.0,0.0,0.0,SE,SE_3,21.3471337579617
40 hydro,Langbjorn,hydro,6831,99.3630573248407,177831.093925293,6.0,0.0,0.9,1,0.0,0,PQ,hydro,0,0.0,Inf,1.0,74.609993991091,0.0,1.0,0.0,Inf,0.0,0,,1,0.0,0.0,0.0,SE,SE_2,99.3630573248407
41 hydro,Boden 2,hydro,6931,65.3668724132495,177831.093925293,6.0,0.0,0.9,1,0.0,0,PQ,hydro,0,0.0,Inf,1.0,24.7051358927622,0.0,1.0,0.0,Inf,0.0,0,,1,0.0,0.0,0.0,SE,SE_1,65.3668724132495
42 hydro,Ajaure,hydro,6946,75.0,177831.093925293,6.0,0.0,0.9,1,0.0,0,PQ,hydro,0,0.0,Inf,1.0,56.3161973875062,0.0,1.0,0.0,Inf,0.0,0,,1,0.0,0.0,0.0,SE,SE_2,75.0
44 hydro,Asele 2,hydro,6928,27.0,177831.093925293,6.0,0.0,0.9,1,0.0,0,PQ,hydro,0,0.0,Inf,1.0,20.2738310595022,0.0,1.0,0.0,Inf,0.0,0,,1,0.0,0.0,0.0,SE,SE_2,27.0
45 hydro,Naverede 2,hydro,6827,64.0,177831.093925293,6.0,0.0,0.9,1,0.0,0,PQ,hydro,0,0.0,Inf,1.0,48.0564884373387,0.0,1.0,0.0,Inf,0.0,0,,1,0.0,0.0,0.0,SE,SE_2,64.0
46 hydro,Matfors 2,hydro,6808,21.0,177831.093925293,6.0,0.0,0.9,1,0.0,0,PQ,hydro,0,0.0,Inf,1.0,15.7685352685017,0.0,1.0,0.0,Inf,0.0,0,,1,0.0,0.0,0.0,SE,SE_2,21.0
47 hydro,Lottefors 2,hydro,6633,13.76,177831.093925293,6.0,0.0,0.9,1,0.0,0,PQ,hydro,0,0.0,Inf,1.0,10.3321450140278,0.0,1.0,0.0,Inf,0.0,0,,1,0.0,0.0,0.0,SE,SE_2,13.76
48 hydro,Leringsforsen 2,hydro,6852,9.0,177831.093925293,6.0,0.0,0.9,1,0.0,0,PQ,hydro,0,0.0,Inf,1.0,6.75794368650075,0.0,1.0,0.0,Inf,0.0,0,,1,0.0,0.0,0.0,SE,SE_2,9.0
49 hydro,Langed 2,hydro,6306,5.45,177831.093925293,6.0,0.0,0.9,1,0.0,0,PQ,hydro,0,0.0,Inf,1.0,8.78984597133111,0.0,1.0,0.0,Inf,0.0,0,,1,0.0,0.0,0.0,SE,SE_3,5.45
50 hydro,Landafors 3,hydro,6633,14.0831541099811,177831.093925293,6.0,0.0,0.9,1,0.0,0,PQ,hydro,0,0.0,Inf,1.0,10.5747958226182,0.0,1.0,0.0,Inf,0.0,0,,1,0.0,0.0,0.0,SE,SE_2,14.0831541099811
53 hydro,Karsefors,hydro,6335,31.4,177831.093925293,6.0,0.0,0.9,1,0.0,0,PQ,hydro,0,0.0,Inf,1.0,106.840412227705,0.0,1.0,0.0,Inf,0.0,0,,1,0.0,0.0,0.0,SE,SE_4,31.4
54 hydro,Juktan,hydro,6924,52.0,177831.093925293,6.0,0.0,0.9,1,0.0,0,PQ,hydro,0,0.0,Inf,1.0,39.0458968553377,0.0,1.0,0.0,Inf,0.0,0,,1,0.0,0.0,0.0,SE,SE_2,52.0
55 hydro,Hermansboda,hydro,6849,12.0,177831.093925293,6.0,0.0,0.9,1,0.0,0,PQ,hydro,0,0.0,Inf,1.0,9.010591582001,0.0,1.0,0.0,Inf,0.0,0,,1,0.0,0.0,0.0,SE,SE_2,12.0
56 hydro,Hammarforsens,hydro,6840,85.0,177831.093925293,6.0,0.0,0.9,1,0.0,0,PQ,hydro,0,0.0,Inf,1.0,63.8250237058404,0.0,1.0,0.0,Inf,0.0,0,,1,0.0,0.0,0.0,SE,SE_2,85.0
57 hydro,Halvfari,hydro,6824,24.0,177831.093925293,6.0,0.0,0.9,1,0.0,0,PQ,hydro,0,0.0,Inf,1.0,18.021183164002,0.0,1.0,0.0,Inf,0.0,0,,1,0.0,0.0,0.0,SE,SE_2,24.0
58 hydro,Grundfors,hydro,6925,100.0,177831.093925293,6.0,0.0,0.9,1,0.0,0,PQ,hydro,0,0.0,Inf,1.0,75.0882631833417,0.0,1.0,0.0,Inf,0.0,0,,1,0.0,0.0,0.0,SE,SE_2,100.0
59 hydro,Gideabacka,hydro,6803,14.0,177831.093925293,6.0,0.0,0.9,1,0.0,0,PQ,hydro,0,0.0,Inf,1.0,10.5123568456678,0.0,1.0,0.0,Inf,0.0,0,,1,0.0,0.0,0.0,SE,SE_2,14.0
60 hydro,Gardiken Gardikfors 2,hydro,6946,60.0,177831.093925293,6.0,0.0,0.9,1,0.0,0,PQ,hydro,0,0.0,Inf,1.0,45.052957910005,0.0,1.0,0.0,Inf,0.0,0,,1,0.0,0.0,0.0,SE,SE_2,60.0
61 hydro,Gammelange,hydro,6836,78.0,177831.093925293,6.0,0.0,0.9,1,0.0,0,PQ,hydro,0,0.0,Inf,1.0,58.5688452830065,0.0,1.0,0.0,Inf,0.0,0,,1,0.0,0.0,0.0,SE,SE_2,78.0
62 hydro,Kvarnsveden,hydro,6632,45.6398512823462,177831.093925293,6.0,0.0,0.9,1,0.0,0,PQ,hydro,0,0.0,Inf,1.0,73.6086720965654,0.0,1.0,0.0,Inf,0.0,0,,1,0.0,0.0,0.0,SE,SE_3,45.6398512823462
64 hydro,Bullerforsen 2,hydro,6632,16.6911456118294,177831.093925293,6.0,0.0,0.9,1,0.0,0,PQ,hydro,0,0.0,Inf,1.0,26.9197429381724,0.0,1.0,0.0,Inf,0.0,0,,1,0.0,0.0,0.0,SE,SE_3,16.6911456118294
65 hydro,Blybergs Kraftverk 2,hydro,6846,15.0,177831.093925293,6.0,0.0,0.9,1,0.0,0,PQ,hydro,0,0.0,Inf,1.0,11.2632394775012,0.0,1.0,0.0,Inf,0.0,0,,1,0.0,0.0,0.0,SE,SE_2,15.0
66 hydro,Bjurfors Nedre Krv,hydro,6635,120.0,177831.093925293,6.0,0.0,0.9,1,0.0,0,PQ,hydro,0,0.0,Inf,1.0,193.53789294674,0.0,1.0,0.0,Inf,0.0,0,,1,0.0,0.0,0.0,SE,SE_3,120.0
67 hydro,Batfors 3,hydro,6932,42.0,177831.093925293,6.0,0.0,0.9,1,0.0,0,PQ,hydro,0,0.0,Inf,1.0,15.8737242457648,0.0,1.0,0.0,Inf,0.0,0,,1,0.0,0.0,0.0,SE,SE_1,42.0
68 hydro,Noppikoski 3,hydro,6846,10.0,177831.093925293,6.0,0.0,0.9,1,0.0,0,PQ,hydro,0,0.0,Inf,1.0,7.50882631833417,0.0,1.0,0.0,Inf,0.0,0,,1,0.0,0.0,0.0,SE,SE_2,10.0
69 hydro,Parki 2,hydro,7001,20.0,177831.093925293,6.0,0.0,0.9,1,0.0,0,PQ,hydro,0,0.0,Inf,1.0,7.55891630750704,0.0,1.0,0.0,Inf,0.0,0,,1,0.0,0.0,0.0,SE,SE_1,20.0
71 hydro,Pengfors Krv 3,hydro,6809,51.0,177831.093925293,6.0,0.0,0.9,1,0.0,0,PQ,hydro,0,0.0,Inf,1.0,38.2950142235042,0.0,1.0,0.0,Inf,0.0,0,,1,0.0,0.0,0.0,SE,SE_2,51.0
72 hydro,Volgsjofors,hydro,6829,20.0,177831.093925293,6.0,0.0,0.9,1,0.0,0,PQ,hydro,0,0.0,Inf,1.0,15.0176526366683,0.0,1.0,0.0,Inf,0.0,0,,1,0.0,0.0,0.0,SE,SE_2,20.0
73 hydro,Viforsens 3,hydro,6808,10.0,177831.093925293,6.0,0.0,0.9,1,0.0,0,PQ,hydro,0,0.0,Inf,1.0,7.50882631833417,0.0,1.0,0.0,Inf,0.0,0,,1,0.0,0.0,0.0,SE,SE_2,10.0
74 hydro,Vargon 3,hydro,6306,35.3,177831.093925293,6.0,0.0,0.9,1,0.0,0,PQ,hydro,0,0.0,Inf,1.0,56.9323968418327,0.0,1.0,0.0,Inf,0.0,0,,1,0.0,0.0,0.0,SE,SE_3,35.3
75 hydro,Umluspen 2,hydro,6924,100.0,177831.093925293,6.0,0.0,0.9,1,0.0,0,PQ,hydro,0,0.0,Inf,1.0,75.0882631833417,0.0,1.0,0.0,Inf,0.0,0,,1,0.0,0.0,0.0,SE,SE_2,100.0
76 hydro,Svarthalsforsens 3,hydro,6841,80.0,177831.093925293,6.0,0.0,0.9,1,0.0,0,PQ,hydro,0,0.0,Inf,1.0,60.0706105466733,0.0,1.0,0.0,Inf,0.0,0,,1,0.0,0.0,0.0,SE,SE_2,80.0
77 hydro,Stensele 2,hydro,6925,50.0,177831.093925293,6.0,0.0,0.9,1,0.0,0,PQ,hydro,0,0.0,Inf,1.0,37.5441315916708,0.0,1.0,0.0,Inf,0.0,0,,1,0.0,0.0,0.0,SE,SE_2,50.0
78 hydro,Stenkullafors,hydro,6927,58.0,177831.093925293,6.0,0.0,0.9,1,0.0,0,PQ,hydro,0,0.0,Inf,1.0,43.5511926463382,0.0,1.0,0.0,Inf,0.0,0,,1,0.0,0.0,0.0,SE,SE_2,58.0
79 hydro,Spjutmo 4,hydro,6846,35.0,177831.093925293,6.0,0.0,0.9,1,0.0,0,PQ,hydro,0,0.0,Inf,1.0,26.2808921141696,0.0,1.0,0.0,Inf,0.0,0,,1,0.0,0.0,0.0,SE,SE_2,35.0
80 hydro,Skogaby 2,hydro,6335,12.5,177831.093925293,6.0,0.0,0.9,1,0.0,0,PQ,hydro,0,0.0,Inf,1.0,42.5320112371436,0.0,1.0,0.0,Inf,0.0,0,,1,0.0,0.0,0.0,SE,SE_4,12.5
81 hydro,Skedvi 2,hydro,6635,38.0,177831.093925293,6.0,0.0,0.9,1,0.0,0,PQ,hydro,0,0.0,Inf,1.0,61.2869994331343,0.0,1.0,0.0,Inf,0.0,0,,1,0.0,0.0,0.0,SE,SE_3,38.0
82 hydro,Skallbole,hydro,6806,46.0,177831.093925293,6.0,0.0,0.9,1,0.0,0,PQ,hydro,0,0.0,Inf,1.0,34.5406010643372,0.0,1.0,0.0,Inf,0.0,0,,1,0.0,0.0,0.0,SE,SE_2,46.0
83 hydro,Selsfors 4,hydro,6809,61.0,177831.093925293,6.0,0.0,0.9,1,0.0,0,PQ,hydro,0,0.0,Inf,1.0,45.8038405418384,0.0,1.0,0.0,Inf,0.0,0,,1,0.0,0.0,0.0,SE,SE_2,61.0
84 hydro,Rusfors 3,hydro,6925,45.0,177831.093925293,6.0,0.0,0.9,1,0.0,0,PQ,hydro,0,0.0,Inf,1.0,33.7897184325037,0.0,1.0,0.0,Inf,0.0,0,,1,0.0,0.0,0.0,SE,SE_2,45.0
85 hydro,Sallsjo 2,hydro,6933,160.0,177831.093925293,6.0,0.0,0.9,1,0.0,0,PQ,hydro,0,0.0,Inf,1.0,60.4713304600563,0.0,1.0,0.0,Inf,0.0,0,,1,0.0,0.0,0.0,SE,SE_1,160.0
87 hydro,Jarpstrommen,hydro,6819,114.0,177831.093925293,6.0,0.0,0.9,1,0.0,0,PQ,hydro,0,0.0,Inf,1.0,85.6006200290095,0.0,1.0,0.0,Inf,0.0,0,,1,0.0,0.0,0.0,SE,SE_2,114.0
88 hydro,Abelvattnet,hydro,6945,4.6,177831.093925293,6.0,0.0,0.9,1,0.0,0,PQ,hydro,0,0.0,Inf,1.0,0.0,0.0,1.0,0.0,Inf,0.0,0,,1,0.0,0.0,0.0,SE,SE_2,0.0
89 hydro,Balforsens Krv 3,hydro,6929,7.30237620517539,177831.093925293,6.0,0.0,0.9,1,0.0,0,PQ,hydro,0,0.0,Inf,1.0,5.48322746357981,0.0,1.0,0.0,Inf,0.0,0,,1,0.0,0.0,0.0,SE,SE_2,7.30237620517539
91 hydro,Dabbsjo 2,hydro,6951,26.0,177831.093925293,6.0,0.0,0.9,1,0.0,0,PQ,hydro,0,0.0,Inf,1.0,19.5229484276688,0.0,1.0,0.0,Inf,0.0,0,,1,0.0,0.0,0.0,SE,SE_2,26.0
93 hydro,Edsele,hydro,6839,60.0,177831.093925293,6.0,0.0,0.9,1,0.0,0,PQ,hydro,0,0.0,Inf,1.0,45.052957910005,0.0,1.0,0.0,Inf,0.0,0,,1,0.0,0.0,0.0,SE,SE_2,60.0
94 hydro,Faxalven,hydro,6802,178.0,177831.093925293,6.0,0.0,0.9,1,0.0,0,PQ,hydro,0,0.0,Inf,1.0,133.657108466348,0.0,1.0,0.0,Inf,0.0,0,,1,0.0,0.0,0.0,SE,SE_2,178.0
95 hydro,Flasjon,hydro,6631,17.3866100123223,177831.093925293,6.0,0.0,0.9,1,0.0,0,PQ,hydro,0,0.0,Inf,1.0,28.0413988939296,0.0,1.0,0.0,Inf,0.0,0,,1,0.0,0.0,0.0,SE,SE_3,17.3866100123223
96 hydro,Granfors 5,hydro,6809,40.0,177831.093925293,6.0,0.0,0.9,1,0.0,0,PQ,hydro,0,0.0,Inf,1.0,30.0353052733367,0.0,1.0,0.0,Inf,0.0,0,,1,0.0,0.0,0.0,SE,SE_2,40.0
97 hydro,Grundsjoarna 2,hydro,6823,88.0,177831.093925293,6.0,0.0,0.9,1,0.0,0,PQ,hydro,0,0.0,Inf,1.0,66.0776716013407,0.0,1.0,0.0,Inf,0.0,0,,1,0.0,0.0,0.0,SE,SE_2,88.0
98 hydro,Grytfors 4,hydro,6932,37.0,177831.093925293,6.0,0.0,0.9,1,0.0,0,PQ,hydro,0,0.0,Inf,1.0,13.983995168888,0.0,1.0,0.0,Inf,0.0,0,,1,0.0,0.0,0.0,SE,SE_1,37.0
99 hydro,Hackren,hydro,6822,152.0,177831.093925293,6.0,0.0,0.9,1,0.0,0,PQ,hydro,0,0.0,Inf,1.0,114.134160038679,0.0,1.0,0.0,Inf,0.0,0,,1,0.0,0.0,0.0,SE,SE_2,152.0
100 hydro,Hallby,hydro,6792,84.0,177831.093925293,6.0,0.0,0.9,1,0.0,0,PQ,hydro,0,0.0,Inf,1.0,63.074141074007,0.0,1.0,0.0,Inf,0.0,0,,1,0.0,0.0,0.0,SE,SE_2,84.0
101 hydro,Hallby Gulsele,hydro,6794,68.0,177831.093925293,6.0,0.0,0.9,1,0.0,0,PQ,hydro,0,0.0,Inf,1.0,51.0600189646723,0.0,1.0,0.0,Inf,0.0,0,,1,0.0,0.0,0.0,SE,SE_2,68.0
102 hydro,Hallforsens 4,hydro,6929,22.0,177831.093925293,6.0,0.0,0.9,1,0.0,0,PQ,hydro,0,0.0,Inf,1.0,16.5194179003352,0.0,1.0,0.0,Inf,0.0,0,,1,0.0,0.0,0.0,SE,SE_2,22.0
104 hydro,Jarkvissle,hydro,6851,96.5,177831.093925293,6.0,0.0,0.9,1,0.0,0,PQ,hydro,0,0.0,Inf,1.0,72.4601739719247,0.0,1.0,0.0,Inf,0.0,0,,1,0.0,0.0,0.0,SE,SE_2,96.5
105 hydro,Kattstrupeforsen,hydro,6826,56.0,177831.093925293,6.0,0.0,0.9,1,0.0,0,PQ,hydro,0,0.0,Inf,1.0,42.0494273826713,0.0,1.0,0.0,Inf,0.0,0,,1,0.0,0.0,0.0,SE,SE_2,56.0
106 hydro,Kinna,hydro,6313,3.12958980221802,177831.093925293,6.0,0.0,0.9,1,0.0,0,PQ,hydro,0,0.0,Inf,1.0,0.0,0.0,1.0,0.0,Inf,0.0,0,,1,0.0,0.0,0.0,SE,SE_3,0.0
107 hydro,Klippen 3,hydro,6335,27.0,177831.093925293,6.0,0.0,0.9,1,0.0,0,PQ,hydro,0,0.0,Inf,1.0,91.8691442722303,0.0,1.0,0.0,Inf,0.0,0,,1,0.0,0.0,0.0,SE,SE_4,27.0
108 hydro,Krangfors 5,hydro,6932,53.8984910381993,177831.093925293,6.0,0.0,0.9,1,0.0,0,PQ,hydro,0,0.0,Inf,1.0,20.3707091429333,0.0,1.0,0.0,Inf,0.0,0,,1,0.0,0.0,0.0,SE,SE_1,53.8984910381993
109 hydro,Langa 3,hydro,6823,156.0,177831.093925293,6.0,0.0,0.9,1,0.0,0,PQ,hydro,0,0.0,Inf,1.0,117.137690566013,0.0,1.0,0.0,Inf,0.0,0,,1,0.0,0.0,0.0,SE,SE_2,156.0
110 hydro,Langstrommen,hydro,6845,40.0,177831.093925293,6.0,0.0,0.9,1,0.0,0,PQ,hydro,0,0.0,Inf,1.0,30.0353052733367,0.0,1.0,0.0,Inf,0.0,0,,1,0.0,0.0,0.0,SE,SE_2,40.0
113 hydro,Lovons Krv 2,hydro,6829,37.0,177831.093925293,6.0,0.0,0.9,1,0.0,0,PQ,hydro,0,0.0,Inf,1.0,27.7826573778364,0.0,1.0,0.0,Inf,0.0,0,,1,0.0,0.0,0.0,SE,SE_2,37.0
115 hydro,Mockfjard 2,hydro,6631,12.0,177831.093925293,6.0,0.0,0.9,1,0.0,0,PQ,hydro,0,0.0,Inf,1.0,19.353789294674,0.0,1.0,0.0,Inf,0.0,0,,1,0.0,0.0,0.0,SE,SE_3,12.0
116 hydro,Motala,hydro,6341,14.0,177831.093925293,6.0,0.0,0.9,1,0.0,0,PQ,hydro,0,0.0,Inf,1.0,22.5794208437863,0.0,1.0,0.0,Inf,0.0,0,,1,0.0,0.0,0.0,SE,SE_3,14.0
117 hydro,Nissastrom,hydro,6315,11.2,177831.093925293,6.0,0.0,0.9,1,0.0,0,PQ,hydro,0,0.0,Inf,1.0,18.0635366750291,0.0,1.0,0.0,Inf,0.0,0,,1,0.0,0.0,0.0,SE,SE_3,11.2
118 hydro,Norrange 5,hydro,6633,40.0,177831.093925293,6.0,0.0,0.9,1,0.0,0,PQ,hydro,0,0.0,Inf,1.0,30.0353052733367,0.0,1.0,0.0,Inf,0.0,0,,1,0.0,0.0,0.0,SE,SE_2,40.0
119 hydro,Ojeforsen 2,hydro,6849,27.0,177831.093925293,6.0,0.0,0.9,1,0.0,0,PQ,hydro,0,0.0,Inf,1.0,20.2738310595022,0.0,1.0,0.0,Inf,0.0,0,,1,0.0,0.0,0.0,SE,SE_2,27.0
121 hydro,Prastforsens Krv,hydro,6582,3.0,177831.093925293,6.0,0.0,0.9,1,0.0,0,PQ,hydro,0,0.0,Inf,1.0,0.0,0.0,1.0,0.0,Inf,0.0,0,,1,0.0,0.0,0.0,SE,SE_3,0.0
123 hydro,Randi 4,hydro,7003,86.0,177831.093925293,6.0,0.0,0.9,1,0.0,0,PQ,hydro,0,0.0,Inf,1.0,32.5033401222803,0.0,1.0,0.0,Inf,0.0,0,,1,0.0,0.0,0.0,SE,SE_1,86.0
124 hydro,Rebnisjaure Rebnis Krv 3,hydro,6924,64.0,177831.093925293,6.0,0.0,0.9,1,0.0,0,PQ,hydro,0,0.0,Inf,1.0,48.0564884373387,0.0,1.0,0.0,Inf,0.0,0,,1,0.0,0.0,0.0,SE,SE_2,64.0
125 hydro,Rengard 6,hydro,6932,36.0,177831.093925293,6.0,0.0,0.9,1,0.0,0,PQ,hydro,0,0.0,Inf,1.0,13.6060493535127,0.0,1.0,0.0,Inf,0.0,0,,1,0.0,0.0,0.0,SE,SE_1,36.0
126 hydro,Sadvajaur Sadva,hydro,6947,31.0,177831.093925293,6.0,0.0,0.9,1,0.0,0,PQ,hydro,0,0.0,Inf,1.0,23.2773615868359,0.0,1.0,0.0,Inf,0.0,0,,1,0.0,0.0,0.0,SE,SE_2,31.0
127 hydro,Sikfors 3,hydro,6933,40.0,177831.093925293,6.0,0.0,0.9,1,0.0,0,PQ,hydro,0,0.0,Inf,1.0,15.1178326150141,0.0,1.0,0.0,Inf,0.0,0,,1,0.0,0.0,0.0,SE,SE_1,40.0
128 hydro,Sils 2,hydro,6826,12.0,177831.093925293,6.0,0.0,0.9,1,0.0,0,PQ,hydro,0,0.0,Inf,1.0,9.010591582001,0.0,1.0,0.0,Inf,0.0,0,,1,0.0,0.0,0.0,SE,SE_2,12.0
129 hydro,Skagern Gullspang,hydro,6340,40.0,177831.093925293,6.0,0.0,0.9,1,0.0,0,PQ,hydro,0,0.0,Inf,1.0,64.5126309822467,0.0,1.0,0.0,Inf,0.0,0,,1,0.0,0.0,0.0,SE,SE_3,40.0
130 hydro,Skymnas 3,hydro,6827,15.6,177831.093925293,6.0,0.0,0.9,1,0.0,0,PQ,hydro,0,0.0,Inf,1.0,11.7137690566013,0.0,1.0,0.0,Inf,0.0,0,,1,0.0,0.0,0.0,SE,SE_2,15.6
131 hydro,Solleftea 2,hydro,6802,62.0,177831.093925293,6.0,0.0,0.9,1,0.0,0,PQ,hydro,0,0.0,Inf,1.0,46.5547231736718,0.0,1.0,0.0,Inf,0.0,0,,1,0.0,0.0,0.0,SE,SE_2,62.0
132 hydro,Stora Stensjon,hydro,6600,99.0,177831.093925293,6.0,0.0,0.9,1,0.0,0,PQ,hydro,0,0.0,Inf,1.0,159.66876168106,0.0,1.0,0.0,Inf,0.0,0,,1,0.0,0.0,0.0,SE,SE_3,99.0
133 hydro,Storavan Bergnas Krv 4,hydro,6925,8.0,177831.093925293,6.0,0.0,0.9,1,0.0,0,PQ,hydro,0,0.0,Inf,1.0,6.00706105466733,0.0,1.0,0.0,Inf,0.0,0,,1,0.0,0.0,0.0,SE,SE_2,8.0
134 hydro,Svartafors 2,hydro,6341,4.62483826327775,177831.093925293,6.0,0.0,0.9,1,0.0,0,PQ,hydro,0,0.0,Inf,1.0,0.0,0.0,1.0,0.0,Inf,0.0,0,,1,0.0,0.0,0.0,SE,SE_3,0.0
135 hydro,Tasan 3,hydro,6630,40.0,177831.093925293,6.0,0.0,0.9,1,0.0,0,PQ,hydro,0,0.0,Inf,1.0,64.5126309822467,0.0,1.0,0.0,Inf,0.0,0,,1,0.0,0.0,0.0,SE,SE_3,40.0
136 hydro,Trangfors,hydro,6644,73.0,177831.093925293,6.0,0.0,0.9,1,0.0,0,PQ,hydro,0,0.0,Inf,1.0,117.7355515426,0.0,1.0,0.0,Inf,0.0,0,,1,0.0,0.0,0.0,SE,SE_3,73.0
137 hydro,Traryd,hydro,6349,14.4,177831.093925293,6.0,0.0,0.9,1,0.0,0,PQ,hydro,0,0.0,Inf,1.0,48.9968769451895,0.0,1.0,0.0,Inf,0.0,0,,1,0.0,0.0,0.0,SE,SE_4,14.4
138 hydro,Turinge 2,hydro,6600,18.0,177831.093925293,6.0,0.0,0.9,1,0.0,0,PQ,hydro,0,0.0,Inf,1.0,29.030683942011,0.0,1.0,0.0,Inf,0.0,0,,1,0.0,0.0,0.0,SE,SE_3,18.0
139 hydro,Vassinkoski 5,hydro,6846,8.69330500616118,177831.093925293,6.0,0.0,0.9,1,0.0,0,PQ,hydro,0,0.0,Inf,1.0,6.52765174235692,0.0,1.0,0.0,Inf,0.0,0,,1,0.0,0.0,0.0,SE,SE_2,8.69330500616118
140 hydro,Yngeredsfors 2,hydro,6315,18.8,177831.093925293,6.0,0.0,0.9,1,0.0,0,PQ,hydro,0,0.0,Inf,1.0,30.3209365616559,0.0,1.0,0.0,Inf,0.0,0,,1,0.0,0.0,0.0,SE,SE_3,18.8
142 hydro,Tainionkoski 2,hydro,6573,65.5,177831.093925293,6.0,0.0,0.9,1,0.0,0,PQ,hydro,0,0.0,Inf,1.0,50.3229169269876,0.0,1.0,0.0,Inf,0.0,0,,1,0.0,0.0,0.0,FI,FI,65.5
156 hydro,Taivalkoski 2,hydro,6910,133.0,177831.093925293,6.0,0.0,0.9,1,0.0,0,PQ,hydro,0,0.0,Inf,1.0,102.182411470066,0.0,1.0,0.0,Inf,0.0,0,,1,0.0,0.0,0.0,FI,FI,133.0
159 hydro,Valajaskoski,hydro,6912,101.0,177831.093925293,6.0,0.0,0.9,1,0.0,0,PQ,hydro,0,0.0,Inf,1.0,77.5971696126068,0.0,1.0,0.0,Inf,0.0,0,,1,0.0,0.0,0.0,FI,FI,101.0
161 hydro,Pirttikoski,hydro,6914,152.0,177831.093925293,6.0,0.0,0.9,1,0.0,0,PQ,hydro,0,0.0,Inf,1.0,116.779898822933,0.0,1.0,0.0,Inf,0.0,0,,1,0.0,0.0,0.0,FI,FI,152.0
163 hydro,Melo,hydro,6547,70.0,177831.093925293,6.0,0.0,0.9,1,0.0,0,PQ,hydro,0,0.0,Inf,1.0,53.7802165631928,0.0,1.0,0.0,Inf,0.0,0,,1,0.0,0.0,0.0,FI,FI,70.0
167 hydro,Pamilo 3,hydro,6903,85.0,177831.093925293,6.0,0.0,0.9,1,0.0,0,PQ,hydro,0,0.0,Inf,1.0,65.304548683877,0.0,1.0,0.0,Inf,0.0,0,,1,0.0,0.0,0.0,FI,FI,85.0
169 hydro,Porttipahta 4,hydro,6994,35.0,177831.093925293,6.0,0.0,0.9,1,0.0,0,PQ,hydro,0,0.0,Inf,1.0,26.8901082815964,0.0,1.0,0.0,Inf,0.0,0,,1,0.0,0.0,0.0,FI,FI,35.0
172 hydro,Seitakorva,hydro,6916,144.0,177831.093925293,6.0,0.0,0.9,1,0.0,0,PQ,hydro,0,0.0,Inf,1.0,110.633588358568,0.0,1.0,0.0,Inf,0.0,0,,1,0.0,0.0,0.0,FI,FI,144.0
178 hydro,Jylhama 2,hydro,6923,55.0,177831.093925293,6.0,0.0,0.9,1,0.0,0,PQ,hydro,0,0.0,Inf,1.0,42.2558844425086,0.0,1.0,0.0,Inf,0.0,0,,1,0.0,0.0,0.0,FI,FI,55.0
183 hydro,Petajaskoski,hydro,7055,182.0,177831.093925293,6.0,0.0,0.9,1,0.0,0,PQ,hydro,0,0.0,Inf,1.0,139.828563064301,0.0,1.0,0.0,Inf,0.0,0,,1,0.0,0.0,0.0,FI,FI,182.0
184 hydro,Pyhakoski 3,hydro,6921,148.9,177831.093925293,6.0,0.0,0.9,1,0.0,0,PQ,hydro,0,0.0,Inf,1.0,114.398203517992,0.0,1.0,0.0,Inf,0.0,0,,1,0.0,0.0,0.0,FI,FI,148.9
186 hydro,Vanttauskoski,hydro,6913,95.0,177831.093925293,6.0,0.0,0.9,1,0.0,0,PQ,hydro,0,0.0,Inf,1.0,72.9874367643331,0.0,1.0,0.0,Inf,0.0,0,,1,0.0,0.0,0.0,FI,FI,95.0
246 hydro,Svartisen,hydro,7006,720.0,177831.093925293,8116.39,0.0,0.9,1,0.0,0,PQ,hydro,0,0.0,Inf,1.0,293.247961952728,0.0,1.0,0.0,Inf,0.0,0,,1,0.0,0.0,0.0,NO,NO_4,720.0
247 hydro,Skjomen,hydro,6996,300.0,177831.093925293,1884.96,0.0,0.9,1,0.0,0,PQ,hydro,0,0.0,Inf,1.0,122.186650813637,0.0,1.0,0.0,Inf,0.0,0,,1,0.0,0.0,0.0,NO,NO_4,300.0
248 hydro,Kobbelv,hydro,7007,300.0,177831.093925293,7070.04,0.0,0.9,1,0.0,0,PQ,hydro,0,0.0,Inf,1.0,122.186650813637,0.0,1.0,0.0,Inf,0.0,0,,1,0.0,0.0,0.0,NO,NO_4,300.0
249 hydro,Alta Krv,hydro,7019,165.0,177831.093925293,389.7,0.0,0.9,1,0.0,0,PQ,hydro,0,0.0,Inf,1.0,67.2026579475001,0.0,1.0,0.0,Inf,0.0,0,,1,0.0,0.0,0.0,NO,NO_4,165.0
250 hydro,Straumsmo,hydro,7020,130.0,177831.093925293,14.6861538461539,0.0,0.9,1,0.0,0,PQ,hydro,0,0.0,Inf,1.0,52.9475486859092,0.0,1.0,0.0,Inf,0.0,0,,1,0.0,0.0,0.0,NO,NO_4,130.0
251 hydro,Ana Sira,hydro,6360,150.0,177831.093925293,114.7,0.0,0.9,1,0.0,0,PQ,hydro,0,0.0,Inf,1.0,93.5408161753658,0.0,1.0,0.0,Inf,0.0,0,,1,0.0,0.0,0.0,NO,NO_2,150.0
252 hydro,Torpa,hydro,6718,164.0,177831.093925293,1778.33333333333,0.0,0.9,1,0.0,0,PQ,hydro,0,0.0,Inf,1.0,111.971265330268,0.0,1.0,0.0,Inf,0.0,0,,1,0.0,0.0,0.0,NO,NO_1,164.0
253 hydro,Tyin,hydro,6666,390.0,177831.093925293,2380.35187165775,0.0,0.9,1,0.0,0,PQ,hydro,0,0.0,Inf,1.0,138.338713943509,0.0,1.0,0.0,Inf,0.0,0,,1,0.0,0.0,0.0,NO,NO_5,390.0
254 hydro,Tysso,hydro,6680,220.0,177831.093925293,2652.15357142857,0.0,0.9,1,0.0,0,PQ,hydro,0,0.0,Inf,1.0,137.193197057203,0.0,1.0,0.0,Inf,0.0,0,,1,0.0,0.0,0.0,NO,NO_2,220.0
255 hydro,Kolsvik,hydro,6939,128.0,177831.093925293,1707.5953125,0.0,0.9,1,0.0,0,PQ,hydro,0,0.0,Inf,1.0,52.1329710138182,0.0,1.0,0.0,Inf,0.0,0,,1,0.0,0.0,0.0,NO,NO_4,128.0
256 hydro,Jostedal,hydro,6657,290.0,177831.093925293,4770.77083333333,0.0,0.9,1,0.0,0,PQ,hydro,0,0.0,Inf,1.0,102.867248829789,0.0,1.0,0.0,Inf,0.0,0,,1,0.0,0.0,0.0,NO,NO_5,290.0
257 hydro,Hylen,hydro,6683,160.0,177831.093925293,45.375,0.0,0.9,1,0.0,0,PQ,hydro,0,0.0,Inf,1.0,99.7768705870568,0.0,1.0,0.0,Inf,0.0,0,,1,0.0,0.0,0.0,NO,NO_2,160.0
258 hydro,Holen,hydro,6705,415.0,177831.093925293,2971.25076923077,0.0,0.9,1,0.0,0,PQ,hydro,0,0.0,Inf,1.0,258.796258085179,0.0,1.0,0.0,Inf,0.0,0,,1,0.0,0.0,0.0,NO,NO_2,415.0
259 hydro,Hol,hydro,6670,230.0,177831.093925293,3357.35650406504,0.0,0.9,1,0.0,0,PQ,hydro,0,0.0,Inf,1.0,81.5843697615566,0.0,1.0,0.0,Inf,0.0,0,,1,0.0,0.0,0.0,NO,NO_5,230.0
260 hydro,Hjartdola,hydro,6725,120.0,177831.093925293,1029.8,0.0,0.9,1,0.0,0,PQ,hydro,0,0.0,Inf,1.0,74.8326529402926,0.0,1.0,0.0,Inf,0.0,0,,1,0.0,0.0,0.0,NO,NO_2,120.0
261 hydro,Hemsil,hydro,6715,110.0,177831.093925293,6.0,0.0,0.9,1,0.0,0,PQ,hydro,0,0.0,Inf,1.0,39.0186116250923,0.0,1.0,0.0,Inf,0.0,0,,1,0.0,0.0,0.0,NO,NO_5,110.0
262 hydro,Usta,hydro,6716,186.2,177831.093925293,2516.25,0.0,0.9,1,0.0,0,PQ,hydro,0,0.0,Inf,1.0,66.0478680417471,0.0,1.0,0.0,Inf,0.0,0,,1,0.0,0.0,0.0,NO,NO_5,186.2
263 hydro,Vemork,hydro,6722,204.0,177831.093925293,5.13333333333333,0.0,0.9,1,0.0,0,PQ,hydro,0,0.0,Inf,1.0,127.215509998497,0.0,1.0,0.0,Inf,0.0,0,,1,0.0,0.0,0.0,NO,NO_2,204.0
264 hydro,Vinje,hydro,6704,309.0,177831.093925293,516.096,0.0,0.9,1,0.0,0,PQ,hydro,0,0.0,Inf,1.0,192.694081321253,0.0,1.0,0.0,Inf,0.0,0,,1,0.0,0.0,0.0,NO,NO_2,309.0
265 hydro,Tunnsjodal,hydro,6941,171.2,177831.093925293,40.1818181818182,0.0,0.9,1,0.0,0,PQ,hydro,0,0.0,Inf,1.0,69.7278487309819,0.0,1.0,0.0,Inf,0.0,0,,1,0.0,0.0,0.0,NO,NO_4,171.2
266 hydro,Tonstad,hydro,6357,960.0,177831.093925293,76.9165416666667,0.0,0.9,1,0.0,0,PQ,hydro,0,0.0,Inf,1.0,598.661223522341,0.0,1.0,0.0,Inf,0.0,0,,1,0.0,0.0,0.0,NO,NO_2,960.0
267 hydro,Tokke,hydro,6711,440.0,177831.093925293,24.3013953488372,0.0,0.9,1,0.0,0,PQ,hydro,0,0.0,Inf,1.0,274.386394114406,0.0,1.0,0.0,Inf,0.0,0,,1,0.0,0.0,0.0,NO,NO_2,440.0
268 hydro,Solhom,hydro,6708,200.0,177831.093925293,848.736,0.0,0.9,1,0.0,0,PQ,hydro,0,0.0,Inf,1.0,124.721088233821,0.0,1.0,0.0,Inf,0.0,0,,1,0.0,0.0,0.0,NO,NO_2,200.0
269 hydro,Songa,hydro,6703,136.0,177831.093925293,4000.0,0.0,0.9,1,0.0,0,PQ,hydro,0,0.0,Inf,1.0,84.8103399989983,0.0,1.0,0.0,Inf,0.0,0,,1,0.0,0.0,0.0,NO,NO_2,136.0
270 hydro,Sonna 2,hydro,6683,275.0,177831.093925293,202.61113132048,0.0,0.9,1,0.0,0,PQ,hydro,0,0.0,Inf,1.0,171.491496321504,0.0,1.0,0.0,Inf,0.0,0,,1,0.0,0.0,0.0,NO,NO_2,275.0
271 hydro,Steinsfoss,hydro,6365,115.0,177831.093925293,6.0,0.0,0.9,1,0.0,0,PQ,hydro,0,0.0,Inf,1.0,71.7146257344471,0.0,1.0,0.0,Inf,0.0,0,,1,0.0,0.0,0.0,NO,NO_2,115.0
272 hydro,Steinsland,hydro,6651,170.0,177831.093925293,288.677647058824,0.0,0.9,1,0.0,0,PQ,hydro,0,0.0,Inf,1.0,60.3014906933244,0.0,1.0,0.0,Inf,0.0,0,,1,0.0,0.0,0.0,NO,NO_5,170.0
273 hydro,Suldal,hydro,6687,320.3,177831.093925293,255.227878787879,0.0,0.9,1,0.0,0,PQ,hydro,0,0.0,Inf,1.0,199.740822806464,0.0,1.0,0.0,Inf,0.0,0,,1,0.0,0.0,0.0,NO,NO_2,320.3
274 hydro,Sundsbarm 2,hydro,6725,110.0,177831.093925293,2343.67567567568,0.0,0.9,1,0.0,0,PQ,hydro,0,0.0,Inf,1.0,68.5965985286016,0.0,1.0,0.0,Inf,0.0,0,,1,0.0,0.0,0.0,NO,NO_2,110.0
275 hydro,Sundsfjord 2,hydro,7006,102.0,177831.093925293,2136.3125,0.0,0.9,1,0.0,0,PQ,hydro,0,0.0,Inf,1.0,41.5434612766364,0.0,1.0,0.0,Inf,0.0,0,,1,0.0,0.0,0.0,NO,NO_4,102.0
276 hydro,Svelgen,hydro,6647,140.2,177831.093925293,2726.11139240506,0.0,0.9,1,0.0,0,PQ,hydro,0,0.0,Inf,1.0,88.0459532382555,0.0,1.0,0.0,Inf,0.0,0,,1,0.0,0.0,0.0,NO,NO_3,140.2
277 hydro,Sy Sima,hydro,6668,720.0,177831.093925293,1649.54525806452,0.0,0.9,1,0.0,0,PQ,hydro,0,0.0,Inf,1.0,255.394548818786,0.0,1.0,0.0,Inf,0.0,0,,1,0.0,0.0,0.0,NO,NO_5,720.0
278 hydro,Tafjord,hydro,6860,113.0,177831.093925293,1540.71301247772,0.0,0.9,1,0.0,0,PQ,hydro,0,0.0,Inf,1.0,70.9642847070105,0.0,1.0,0.0,Inf,0.0,0,,1,0.0,0.0,0.0,NO,NO_3,113.0
279 hydro,Tjodan,hydro,6697,113.0,177831.093925293,1776.87272727273,0.0,0.9,1,0.0,0,PQ,hydro,0,0.0,Inf,1.0,70.4674148521089,0.0,1.0,0.0,Inf,0.0,0,,1,0.0,0.0,0.0,NO,NO_2,113.0
280 hydro,Tjorhom,hydro,6700,120.0,177831.093925293,2872.37166666667,0.0,0.9,1,0.0,0,PQ,hydro,0,0.0,Inf,1.0,74.8326529402926,0.0,1.0,0.0,Inf,0.0,0,,1,0.0,0.0,0.0,NO,NO_2,120.0
281 hydro,Askara 2,hydro,6647,133.0,177831.093925293,2090.57795275591,0.0,0.9,1,0.0,0,PQ,hydro,0,0.0,Inf,1.0,83.5243350976318,0.0,1.0,0.0,Inf,0.0,0,,1,0.0,0.0,0.0,NO,NO_3,133.0
282 hydro,Aura,hydro,6872,283.0,177831.093925293,280.763793103448,0.0,0.9,1,0.0,0,PQ,hydro,0,0.0,Inf,1.0,177.724713027292,0.0,1.0,0.0,Inf,0.0,0,,1,0.0,0.0,0.0,NO,NO_3,283.0
283 hydro,Aurland,hydro,6662,1273.0,177831.093925293,478.995238095238,0.0,0.9,1,0.0,0,PQ,hydro,0,0.0,Inf,1.0,451.551750897659,0.0,1.0,0.0,Inf,0.0,0,,1,0.0,0.0,0.0,NO,NO_5,1273.0
284 hydro,Bjolvo,hydro,6655,103.2,177831.093925293,1967.48991935484,0.0,0.9,1,0.0,0,PQ,hydro,0,0.0,Inf,1.0,36.6065519973593,0.0,1.0,0.0,Inf,0.0,0,,1,0.0,0.0,0.0,NO,NO_5,103.2
285 hydro,Blafal,hydro,6677,353.0,177831.093925293,91.3530434782609,0.0,0.9,1,0.0,0,PQ,hydro,0,0.0,Inf,1.0,220.132720732694,0.0,1.0,0.0,Inf,0.0,0,,1,0.0,0.0,0.0,NO,NO_2,353.0
286 hydro,Borgund,hydro,6667,212.0,177831.093925293,741.009905660378,0.0,0.9,1,0.0,0,PQ,hydro,0,0.0,Inf,1.0,75.1995060410869,0.0,1.0,0.0,Inf,0.0,0,,1,0.0,0.0,0.0,NO,NO_5,212.0
287 hydro,Bratsberg,hydro,6867,132.0,177831.093925293,969.98064516129,0.0,0.9,1,0.0,0,PQ,hydro,0,0.0,Inf,1.0,82.8963325781008,0.0,1.0,0.0,Inf,0.0,0,,1,0.0,0.0,0.0,NO,NO_3,132.0
288 hydro,Brokke,hydro,6710,379.0,177831.093925293,604.557575757576,0.0,0.9,1,0.0,0,PQ,hydro,0,0.0,Inf,1.0,236.346462203091,0.0,1.0,0.0,Inf,0.0,0,,1,0.0,0.0,0.0,NO,NO_2,379.0
289 hydro,Dale,hydro,6653,144.0,177831.093925293,7.936,0.0,0.9,1,0.0,0,PQ,hydro,0,0.0,Inf,1.0,51.0789097637572,0.0,1.0,0.0,Inf,0.0,0,,1,0.0,0.0,0.0,NO,NO_5,144.0
290 hydro,Driva 2,hydro,6872,144.0,177831.093925293,2592.0,0.0,0.9,1,0.0,0,PQ,hydro,0,0.0,Inf,1.0,90.4323628124736,0.0,1.0,0.0,Inf,0.0,0,,1,0.0,0.0,0.0,NO,NO_3,144.0
291 hydro,Duge,hydro,6699,200.0,177831.093925293,3885.0,0.0,0.9,1,0.0,0,PQ,hydro,0,0.0,Inf,1.0,124.721088233821,0.0,1.0,0.0,Inf,0.0,0,,1,0.0,0.0,0.0,NO,NO_2,200.0
292 hydro,Evanger,hydro,6654,330.0,177831.093925293,1714.32727272727,0.0,0.9,1,0.0,0,PQ,hydro,0,0.0,Inf,1.0,117.055834875277,0.0,1.0,0.0,Inf,0.0,0,,1,0.0,0.0,0.0,NO,NO_5,330.0
293 hydro,Finndola 2,hydro,6711,108.0,177831.093925293,818.211111111111,0.0,0.9,1,0.0,0,PQ,hydro,0,0.0,Inf,1.0,67.3493876462633,0.0,1.0,0.0,Inf,0.0,0,,1,0.0,0.0,0.0,NO,NO_2,108.0
294 hydro,Grytten Kraftver 2,hydro,6860,143.5,177831.093925293,2484.26202090592,0.0,0.9,1,0.0,0,PQ,hydro,0,0.0,Inf,1.0,90.118361552708,0.0,1.0,0.0,Inf,0.0,0,,1,0.0,0.0,0.0,NO,NO_3,143.5
295 hydro,Trollheim 3,hydro,6872,130.0,177831.093925293,1326.24012638231,0.0,0.9,1,0.0,0,PQ,hydro,0,0.0,Inf,1.0,81.6403275390386,0.0,1.0,0.0,Inf,0.0,0,,1,0.0,0.0,0.0,NO,NO_3,130.0
297 hydro,Skjerka 2,hydro,6708,104.0,177831.093925293,1122.40198451113,0.0,0.9,1,0.0,0,PQ,hydro,0,0.0,Inf,1.0,64.8549658815869,0.0,1.0,0.0,Inf,0.0,0,,1,0.0,0.0,0.0,NO,NO_2,104.0
298 hydro,Siso,hydro,7008,180.0,177831.093925293,4510.53555555556,0.0,0.9,1,0.0,0,PQ,hydro,0,0.0,Inf,1.0,73.3119904881819,0.0,1.0,0.0,Inf,0.0,0,,1,0.0,0.0,0.0,NO,NO_4,180.0
299 hydro,Saurdal,hydro,6692,640.0,177831.093925293,4988.925,0.0,0.9,1,0.0,0,PQ,hydro,0,0.0,Inf,1.0,399.107482348227,0.0,1.0,0.0,Inf,0.0,0,,1,0.0,0.0,0.0,NO,NO_2,640.0
300 hydro,Roldal,hydro,6685,160.0,177831.093925293,1492.30722891566,0.0,0.9,1,0.0,0,PQ,hydro,0,0.0,Inf,1.0,99.7768705870568,0.0,1.0,0.0,Inf,0.0,0,,1,0.0,0.0,0.0,NO,NO_2,160.0
301 hydro,Kvilldal 2,hydro,6692,1240.0,177831.093925293,308.852532258064,0.0,0.9,1,0.0,0,PQ,hydro,0,0.0,Inf,1.0,773.27074704969,0.0,1.0,0.0,Inf,0.0,0,,1,0.0,0.0,0.0,NO,NO_2,1240.0
302 hydro,Lang Sima 2,hydro,6668,580.0,177831.093925293,1020.68,0.0,0.9,1,0.0,0,PQ,hydro,0,0.0,Inf,1.0,205.734497659577,0.0,1.0,0.0,Inf,0.0,0,,1,0.0,0.0,0.0,NO,NO_5,580.0
303 hydro,Leirdola,hydro,6660,115.0,177831.093925293,1519.408,0.0,0.9,1,0.0,0,PQ,hydro,0,0.0,Inf,1.0,40.7921848807783,0.0,1.0,0.0,Inf,0.0,0,,1,0.0,0.0,0.0,NO,NO_5,115.0
304 hydro,Lomi 2,hydro,7008,120.0,177831.093925293,5255.11016949153,0.0,0.9,1,0.0,0,PQ,hydro,0,0.0,Inf,1.0,48.8746603254546,0.0,1.0,0.0,Inf,0.0,0,,1,0.0,0.0,0.0,NO,NO_4,120.0
305 hydro,Lysebotn 2,hydro,6697,228.0,177831.093925293,2574.12972972973,0.0,0.9,1,0.0,0,PQ,hydro,0,0.0,Inf,1.0,142.182040586556,0.0,1.0,0.0,Inf,0.0,0,,1,0.0,0.0,0.0,NO,NO_2,228.0
306 hydro,Mar,hydro,6723,185.0,177831.093925293,2630.04,0.0,0.9,1,0.0,0,PQ,hydro,0,0.0,Inf,1.0,115.367006616284,0.0,1.0,0.0,Inf,0.0,0,,1,0.0,0.0,0.0,NO,NO_2,185.0
307 hydro,Matre 2,hydro,6653,150.0,177831.093925293,574.802727272727,0.0,0.9,1,0.0,0,PQ,hydro,0,0.0,Inf,1.0,53.2071976705804,0.0,1.0,0.0,Inf,0.0,0,,1,0.0,0.0,0.0,NO,NO_5,150.0
308 hydro,Mauranger,hydro,6675,256.0,177831.093925293,684.4092,0.0,0.9,1,0.0,0,PQ,hydro,0,0.0,Inf,1.0,159.642992939291,0.0,1.0,0.0,Inf,0.0,0,,1,0.0,0.0,0.0,NO,NO_2,256.0
309 hydro,Myster 3,hydro,6653,110.0,177831.093925293,6.0,0.0,0.9,1,0.0,0,PQ,hydro,0,0.0,Inf,1.0,39.0186116250923,0.0,1.0,0.0,Inf,0.0,0,,1,0.0,0.0,0.0,NO,NO_5,110.0
310 hydro,Naddvik,hydro,6659,112.0,177831.093925293,653.801785714286,0.0,0.9,1,0.0,0,PQ,hydro,0,0.0,Inf,1.0,39.7280409273667,0.0,1.0,0.0,Inf,0.0,0,,1,0.0,0.0,0.0,NO,NO_5,112.0
311 hydro,Nea,hydro,7061,222.0,177831.093925293,191.954285714286,0.0,0.9,1,0.0,0,PQ,hydro,0,0.0,Inf,1.0,139.416559335897,0.0,1.0,0.0,Inf,0.0,0,,1,0.0,0.0,0.0,NO,NO_3,222.0
312 hydro,Nedre Rossaga,hydro,6934,350.0,177831.093925293,31.9742857142857,0.0,0.9,1,0.0,0,PQ,hydro,0,0.0,Inf,1.0,142.551092615909,0.0,1.0,0.0,Inf,0.0,0,,1,0.0,0.0,0.0,NO,NO_4,350.0
313 hydro,Nedre Vinstra,hydro,6713,344.0,177831.093925293,107.941233766234,0.0,0.9,1,0.0,0,PQ,hydro,0,0.0,Inf,1.0,234.866556546417,0.0,1.0,0.0,Inf,0.0,0,,1,0.0,0.0,0.0,NO,NO_1,344.0
314 hydro,Rendal,hydro,6875,114.0,177831.093925293,6.0,0.0,0.9,1,0.0,0,PQ,hydro,0,0.0,Inf,1.0,77.833684436894,0.0,1.0,0.0,Inf,0.0,0,,1,0.0,0.0,0.0,NO,NO_1,114.0
315 hydro,Rana,hydro,6944,500.0,177831.093925293,4894.8,0.0,0.9,1,0.0,0,PQ,hydro,0,0.0,Inf,1.0,203.644418022728,0.0,1.0,0.0,Inf,0.0,0,,1,0.0,0.0,0.0,NO,NO_4,500.0
316 hydro,Oyberget 2,hydro,6666,104.0,177831.093925293,2.03969849246231,0.0,0.9,1,0.0,0,PQ,hydro,0,0.0,Inf,1.0,36.8903237182691,0.0,1.0,0.0,Inf,0.0,0,,1,0.0,0.0,0.0,NO,NO_5,104.0
317 hydro,Ovre Vinstra,hydro,6712,140.0,177831.093925293,3106.69714285714,0.0,0.9,1,0.0,0,PQ,hydro,0,0.0,Inf,1.0,95.5852265014487,0.0,1.0,0.0,Inf,0.0,0,,1,0.0,0.0,0.0,NO,NO_1,140.0
318 hydro,Ovre Rossaga 2,hydro,6934,159.0,177831.093925293,4576.95428571429,0.0,0.9,1,0.0,0,PQ,hydro,0,0.0,Inf,1.0,64.7589249312273,0.0,1.0,0.0,Inf,0.0,0,,1,0.0,0.0,0.0,NO,NO_4,159.0
319 hydro,Oksla 2,hydro,6680,220.0,177831.093925293,2206.5145631068,0.0,0.9,1,0.0,0,PQ,hydro,0,0.0,Inf,1.0,137.193197057203,0.0,1.0,0.0,Inf,0.0,0,,1,0.0,0.0,0.0,NO,NO_2,220.0
320 hydro,Nes Oek 2,hydro,6715,260.0,177831.093925293,6.0,0.0,0.9,1,0.0,0,PQ,hydro,0,0.0,Inf,1.0,92.2258092956727,0.0,1.0,0.0,Inf,0.0,0,,1,0.0,0.0,0.0,NO,NO_5,260.0
321 hydro,Adamselv,hydro,7010,50.4,177831.093925293,3348.8,0.0,0.9,1,0.0,0,PQ,hydro,0,0.0,Inf,1.0,20.5273573366909,0.0,1.0,0.0,Inf,0.0,0,,1,0.0,0.0,0.0,NO,NO_4,50.4
322 hydro,Nore,hydro,6724,206.0,177831.093925293,1084.6511627907,0.0,0.9,1,0.0,0,PQ,hydro,0,0.0,Inf,1.0,73.0712181342637,0.0,1.0,0.0,Inf,0.0,0,,1,0.0,0.0,0.0,NO,NO_5,206.0
323 hydro,Bardufoss 2,hydro,7020,43.7,177831.093925293,6.0,0.0,0.9,1,0.0,0,PQ,hydro,0,0.0,Inf,1.0,17.7985221351864,0.0,1.0,0.0,Inf,0.0,0,,1,0.0,0.0,0.0,NO,NO_4,43.7
324 hydro,Batsvatn 2,hydro,6996,30.0,177831.093925293,3054.33333333333,0.0,0.9,1,0.0,0,PQ,hydro,0,0.0,Inf,1.0,12.2186650813636,0.0,1.0,0.0,Inf,0.0,0,,1,0.0,0.0,0.0,NO,NO_4,30.0
325 hydro,Glomfjord 3,hydro,7006,20.0,177831.093925293,787.1,0.0,0.9,1,0.0,0,PQ,hydro,0,0.0,Inf,1.0,8.1457767209091,0.0,1.0,0.0,Inf,0.0,0,,1,0.0,0.0,0.0,NO,NO_4,20.0
326 hydro,Innset 3,hydro,7020,90.0,177831.093925293,4758.43333333333,0.0,0.9,1,0.0,0,PQ,hydro,0,0.0,Inf,1.0,36.6559952440909,0.0,1.0,0.0,Inf,0.0,0,,1,0.0,0.0,0.0,NO,NO_4,90.0
327 hydro,Ylja,hydro,6671,65.0,177831.093925293,5402.42446153846,0.0,0.9,1,0.0,0,PQ,hydro,0,0.0,Inf,1.0,23.0564523239182,0.0,1.0,0.0,Inf,0.0,0,,1,0.0,0.0,0.0,NO,NO_5,65.0
328 hydro,Vrangfoss 3,hydro,6725,36.0,177831.093925293,6.0,0.0,0.9,1,0.0,0,PQ,hydro,0,0.0,Inf,1.0,22.4497958820878,0.0,1.0,0.0,Inf,0.0,0,,1,0.0,0.0,0.0,NO,NO_2,36.0
329 hydro,Vrenga 2,hydro,6724,10.5,177831.093925293,1523.2,0.0,0.9,1,0.0,0,PQ,hydro,0,0.0,Inf,1.0,3.72450383694063,0.0,1.0,0.0,Inf,0.0,0,,1,0.0,0.0,0.0,NO,NO_5,10.5
330 hydro,Viulfoss,hydro,6719,12.5,177831.093925293,6.0,0.0,0.9,1,0.0,0,PQ,hydro,0,0.0,Inf,1.0,8.53439522334364,0.0,1.0,0.0,Inf,0.0,0,,1,0.0,0.0,0.0,NO,NO_1,12.5
331 hydro,Tussa,hydro,6857,64.0,177831.093925293,3045.15,0.0,0.9,1,0.0,0,PQ,hydro,0,0.0,Inf,1.0,40.1921612499883,0.0,1.0,0.0,Inf,0.0,0,,1,0.0,0.0,0.0,NO,NO_3,64.0
333 hydro,Tinfos 4,hydro,6725,44.5,177831.093925293,6.0,0.0,0.9,1,0.0,0,PQ,hydro,0,0.0,Inf,1.0,27.7504421320252,0.0,1.0,0.0,Inf,0.0,0,,1,0.0,0.0,0.0,NO,NO_2,44.5
334 hydro,Tistedalsfoss,hydro,6629,20.0,177831.093925293,219.555,0.0,0.9,1,0.0,0,PQ,hydro,0,0.0,Inf,1.0,13.6550323573498,0.0,1.0,0.0,Inf,0.0,0,,1,0.0,0.0,0.0,NO,NO_1,20.0
335 hydro,Tjonnefoss,hydro,6372,6.0,177831.093925293,6.0,0.0,0.9,1,0.0,0,PQ,hydro,0,0.0,Inf,1.0,3.74163264701463,0.0,1.0,0.0,Inf,0.0,0,,1,0.0,0.0,0.0,NO,NO_2,6.0
336 hydro,Toklev,hydro,6726,4.8,177831.093925293,1645.3125,0.0,0.9,1,0.0,0,PQ,hydro,0,0.0,Inf,1.0,0.0,0.0,1.0,0.0,Inf,0.0,0,,1,0.0,0.0,0.0,NO,NO_2,0.0
337 hydro,Tosdalen 2,hydro,6939,19.3,177831.093925293,6.0,0.0,0.9,1,0.0,0,PQ,hydro,0,0.0,Inf,1.0,7.86067453567728,0.0,1.0,0.0,Inf,0.0,0,,1,0.0,0.0,0.0,NO,NO_4,19.3
338 hydro,Tosse,hydro,6747,3.5,177831.093925293,264.0,0.0,0.9,1,0.0,0,PQ,hydro,0,0.0,Inf,1.0,0.0,0.0,1.0,0.0,Inf,0.0,0,,1,0.0,0.0,0.0,NO,NO_5,0.0
339 hydro,Tou,hydro,6688,1.1,177831.093925293,247.272727272727,0.0,0.9,1,0.0,0,PQ,hydro,0,0.0,Inf,1.0,0.0,0.0,1.0,0.0,Inf,0.0,0,,1,0.0,0.0,0.0,NO,NO_2,0.0
340 hydro,Trengereid 2,hydro,6747,3.5,177831.093925293,749.828571428571,0.0,0.9,1,0.0,0,PQ,hydro,0,0.0,Inf,1.0,0.0,0.0,1.0,0.0,Inf,0.0,0,,1,0.0,0.0,0.0,NO,NO_5,0.0
341 hydro,Tryland,hydro,6362,5.4,177831.093925293,949.666666666667,0.0,0.9,1,0.0,0,PQ,hydro,0,0.0,Inf,1.0,3.36746938231317,0.0,1.0,0.0,Inf,0.0,0,,1,0.0,0.0,0.0,NO,NO_2,5.4
342 hydro,Tveitereidfoss,hydro,6728,2.6,177831.093925293,6.0,0.0,0.9,1,0.0,0,PQ,hydro,0,0.0,Inf,1.0,0.0,0.0,1.0,0.0,Inf,0.0,0,,1,0.0,0.0,0.0,NO,NO_2,0.0
343 hydro,Tya 3,hydro,7061,32.0,177831.093925293,668.775,0.0,0.9,1,0.0,0,PQ,hydro,0,0.0,Inf,1.0,20.0960806249941,0.0,1.0,0.0,Inf,0.0,0,,1,0.0,0.0,0.0,NO,NO_3,32.0
344 hydro,Ulset,hydro,6868,35.0,177831.093925293,3054.85714285714,0.0,0.9,1,0.0,0,PQ,hydro,0,0.0,Inf,1.0,21.9800881835873,0.0,1.0,0.0,Inf,0.0,0,,1,0.0,0.0,0.0,NO,NO_3,35.0
345 hydro,Ulvik 3,hydro,6668,21.7649,177831.093925293,2354.71028037383,0.0,0.9,1,0.0,0,PQ,hydro,0,0.0,Inf,1.0,7.7203289105361,0.0,1.0,0.0,Inf,0.0,0,,1,0.0,0.0,0.0,NO,NO_5,21.7649
346 hydro,Ulvund 4,hydro,6872,19.5,177831.093925293,92.8205128205128,0.0,0.9,1,0.0,0,PQ,hydro,0,0.0,Inf,1.0,12.2460491308558,0.0,1.0,0.0,Inf,0.0,0,,1,0.0,0.0,0.0,NO,NO_3,19.5
347 hydro,Ustekveikja,hydro,6669,36.5,177831.093925293,78.7558904109589,0.0,0.9,1,0.0,0,PQ,hydro,0,0.0,Inf,1.0,12.9470847665079,0.0,1.0,0.0,Inf,0.0,0,,1,0.0,0.0,0.0,NO,NO_5,36.5
348 hydro,Uvdal 2,hydro,6716,131.537,177831.093925293,3214.44444444444,0.0,0.9,1,0.0,0,PQ,hydro,0,0.0,Inf,1.0,46.6581010666342,0.0,1.0,0.0,Inf,0.0,0,,1,0.0,0.0,0.0,NO,NO_5,131.537
349 hydro,Vafos 2,hydro,6728,4.89,177831.093925293,6.0,0.0,0.9,1,0.0,0,PQ,hydro,0,0.0,Inf,1.0,0.0,0.0,1.0,0.0,Inf,0.0,0,,1,0.0,0.0,0.0,NO,NO_2,0.0
350 hydro,Valen,hydro,6674,13.0,177831.093925293,400.421052631579,0.0,0.9,1,0.0,0,PQ,hydro,0,0.0,Inf,1.0,8.10687073519837,0.0,1.0,0.0,Inf,0.0,0,,1,0.0,0.0,0.0,NO,NO_2,13.0
351 hydro,Vemundsbotn 4,hydro,6653,45.0,177831.093925293,2362.01777777778,0.0,0.9,1,0.0,0,PQ,hydro,0,0.0,Inf,1.0,15.9621593011741,0.0,1.0,0.0,Inf,0.0,0,,1,0.0,0.0,0.0,NO,NO_5,45.0
352 hydro,Vessingfoss 4,hydro,7061,40.0,177831.093925293,1859.375,0.0,0.9,1,0.0,0,PQ,hydro,0,0.0,Inf,1.0,25.1201007812427,0.0,1.0,0.0,Inf,0.0,0,,1,0.0,0.0,0.0,NO,NO_3,40.0
353 hydro,Vestfossen,hydro,6732,2.8,177831.093925293,870.821428571429,0.0,0.9,1,0.0,0,PQ,hydro,0,0.0,Inf,1.0,0.0,0.0,1.0,0.0,Inf,0.0,0,,1,0.0,0.0,0.0,NO,NO_1,0.0
354 hydro,Vigelandsfoss 2,hydro,6365,26.0,177831.093925293,0.0923076923076923,0.0,0.9,1,0.0,0,PQ,hydro,0,0.0,Inf,1.0,16.2137414703967,0.0,1.0,0.0,Inf,0.0,0,,1,0.0,0.0,0.0,NO,NO_2,26.0
355 hydro,Taraldsvik,hydro,6997,1.5,177831.093925293,6460.4,0.0,0.9,1,0.0,0,PQ,hydro,0,0.0,Inf,1.0,0.0,0.0,1.0,0.0,Inf,0.0,0,,1,0.0,0.0,0.0,NO,NO_4,0.0
356 hydro,Svorkmo,hydro,6865,55.0,177831.093925293,6.0,0.0,0.9,1,0.0,0,PQ,hydro,0,0.0,Inf,1.0,34.5401385742086,0.0,1.0,0.0,Inf,0.0,0,,1,0.0,0.0,0.0,NO,NO_3,55.0
357 hydro,Svorka 5,hydro,6872,22.0,177831.093925293,330.681818181818,0.0,0.9,1,0.0,0,PQ,hydro,0,0.0,Inf,1.0,13.8160554296835,0.0,1.0,0.0,Inf,0.0,0,,1,0.0,0.0,0.0,NO,NO_3,22.0
358 hydro,Sokna 2,hydro,6868,25.0,177831.093925293,12.0666666666667,0.0,0.9,1,0.0,0,PQ,hydro,0,0.0,Inf,1.0,15.7000629882767,0.0,1.0,0.0,Inf,0.0,0,,1,0.0,0.0,0.0,NO,NO_3,25.0
359 hydro,Skjefstadfoss,hydro,6721,23.8,177831.093925293,6.0,0.0,0.9,1,0.0,0,PQ,hydro,0,0.0,Inf,1.0,16.2494885052463,0.0,1.0,0.0,Inf,0.0,0,,1,0.0,0.0,0.0,NO,NO_1,23.8
360 hydro,Skogfoss 2,hydro,7010,48.0,177831.093925293,2795.83333333333,0.0,0.9,1,0.0,0,PQ,hydro,0,0.0,Inf,1.0,19.5498641301818,0.0,1.0,0.0,Inf,0.0,0,,1,0.0,0.0,0.0,NO,NO_4,48.0
361 hydro,Skogheim 3,hydro,6647,7.7,177831.093925293,2030.77922077922,0.0,0.9,1,0.0,0,PQ,hydro,0,0.0,Inf,1.0,4.83561940038921,0.0,1.0,0.0,Inf,0.0,0,,1,0.0,0.0,0.0,NO,NO_3,7.7
362 hydro,Skollenborg 2,hydro,6732,97.0,177831.093925293,6.0,0.0,0.9,1,0.0,0,PQ,hydro,0,0.0,Inf,1.0,66.2269069331466,0.0,1.0,0.0,Inf,0.0,0,,1,0.0,0.0,0.0,NO,NO_1,97.0
363 hydro,Skoltefoss 3,hydro,6728,24.96,177831.093925293,8.625,0.0,0.9,1,0.0,0,PQ,hydro,0,0.0,Inf,1.0,15.5651918115809,0.0,1.0,0.0,Inf,0.0,0,,1,0.0,0.0,0.0,NO,NO_2,24.96
364 hydro,Skulafossen 2,hydro,6655,4.5,177831.093925293,572.711111111111,0.0,0.9,1,0.0,0,PQ,hydro,0,0.0,Inf,1.0,0.0,0.0,1.0,0.0,Inf,0.0,0,,1,0.0,0.0,0.0,NO,NO_5,0.0
365 hydro,Slind,hydro,6870,20.0,177831.093925293,918.03,0.0,0.9,1,0.0,0,PQ,hydro,0,0.0,Inf,1.0,12.5600503906213,0.0,1.0,0.0,Inf,0.0,0,,1,0.0,0.0,0.0,NO,NO_3,20.0
366 hydro,Slunkajavrre 2,hydro,7007,21.0,177831.093925293,2359.7619047619,0.0,0.9,1,0.0,0,PQ,hydro,0,0.0,Inf,1.0,8.55306555695456,0.0,1.0,0.0,Inf,0.0,0,,1,0.0,0.0,0.0,NO,NO_4,21.0
367 hydro,Smadola,hydro,6874,15.1,177831.093925293,6.0,0.0,0.9,1,0.0,0,PQ,hydro,0,0.0,Inf,1.0,9.4828380449191,0.0,1.0,0.0,Inf,0.0,0,,1,0.0,0.0,0.0,NO,NO_3,15.1
368 hydro,Smavatna 2,hydro,7019,18.8,177831.093925293,1577.87234042553,0.0,0.9,1,0.0,0,PQ,hydro,0,0.0,Inf,1.0,7.65703011765455,0.0,1.0,0.0,Inf,0.0,0,,1,0.0,0.0,0.0,NO,NO_4,18.8
369 hydro,Smeland 3,hydro,6708,24.0075,177831.093925293,13.4166666666667,0.0,0.9,1,0.0,0,PQ,hydro,0,0.0,Inf,1.0,14.9712076288673,0.0,1.0,0.0,Inf,0.0,0,,1,0.0,0.0,0.0,NO,NO_2,24.0075
370 hydro,Soa 2,hydro,6865,37.0,177831.093925293,1131.75675675676,0.0,0.9,1,0.0,0,PQ,hydro,0,0.0,Inf,1.0,23.2360932226495,0.0,1.0,0.0,Inf,0.0,0,,1,0.0,0.0,0.0,NO,NO_3,37.0
371 hydro,Sorfjord 3,hydro,6996,79.0,177831.093925293,1634.96,0.0,0.9,1,0.0,0,PQ,hydro,0,0.0,Inf,1.0,32.1758180475909,0.0,1.0,0.0,Inf,0.0,0,,1,0.0,0.0,0.0,NO,NO_4,79.0
372 hydro,Stakaldefoss 4,hydro,6647,10.0,177831.093925293,445.0,0.0,0.9,1,0.0,0,PQ,hydro,0,0.0,Inf,1.0,6.28002519531066,0.0,1.0,0.0,Inf,0.0,0,,1,0.0,0.0,0.0,NO,NO_3,10.0
374 hydro,Storaselva 2,hydro,6941,25.5,177831.093925293,6.0,0.0,0.9,1,0.0,0,PQ,hydro,0,0.0,Inf,1.0,10.3858653191591,0.0,1.0,0.0,Inf,0.0,0,,1,0.0,0.0,0.0,NO,NO_4,25.5
375 hydro,Stordal 2,hydro,6651,26.75,177831.093925293,810.276923076923,0.0,0.9,1,0.0,0,PQ,hydro,0,0.0,Inf,1.0,9.48861691792017,0.0,1.0,0.0,Inf,0.0,0,,1,0.0,0.0,0.0,NO,NO_5,26.75
376 hydro,Storlivatn 3,hydro,6683,48.0,177831.093925293,1179.425,0.0,0.9,1,0.0,0,PQ,hydro,0,0.0,Inf,1.0,29.933061176117,0.0,1.0,0.0,Inf,0.0,0,,1,0.0,0.0,0.0,NO,NO_2,48.0
377 hydro,Strandfossen 2,hydro,6721,27.06,177831.093925293,6.0,0.0,0.9,1,0.0,0,PQ,hydro,0,0.0,Inf,1.0,18.4752587794943,0.0,1.0,0.0,Inf,0.0,0,,1,0.0,0.0,0.0,NO,NO_1,27.06
378 hydro,Stuvane,hydro,6665,38.0,177831.093925293,6.0,0.0,0.9,1,0.0,0,PQ,hydro,0,0.0,Inf,1.0,13.4791567432137,0.0,1.0,0.0,Inf,0.0,0,,1,0.0,0.0,0.0,NO,NO_5,38.0
379 hydro,Svandalsflona,hydro,6686,20.0,177831.093925293,705.6,0.0,0.9,1,0.0,0,PQ,hydro,0,0.0,Inf,1.0,12.4721088233821,0.0,1.0,0.0,Inf,0.0,0,,1,0.0,0.0,0.0,NO,NO_2,20.0
380 hydro,Svartelva 2,hydro,6867,15.5,177831.093925293,1241.29032258065,0.0,0.9,1,0.0,0,PQ,hydro,0,0.0,Inf,1.0,9.73403905273153,0.0,1.0,0.0,Inf,0.0,0,,1,0.0,0.0,0.0,NO,NO_3,15.5
381 hydro,Svean 3,hydro,6868,27.0,177831.093925293,6.0,0.0,0.9,1,0.0,0,PQ,hydro,0,0.0,Inf,1.0,16.9560680273388,0.0,1.0,0.0,Inf,0.0,0,,1,0.0,0.0,0.0,NO,NO_3,27.0
382 hydro,Svelgfoss 5,hydro,6725,92.0,177831.093925293,6.0,0.0,0.9,1,0.0,0,PQ,hydro,0,0.0,Inf,1.0,57.3717005875577,0.0,1.0,0.0,Inf,0.0,0,,1,0.0,0.0,0.0,NO,NO_2,92.0
383 hydro,Skjak 3,hydro,6666,32.0,177831.093925293,2975.625,0.0,0.9,1,0.0,0,PQ,hydro,0,0.0,Inf,1.0,11.3508688363905,0.0,1.0,0.0,Inf,0.0,0,,1,0.0,0.0,0.0,NO,NO_5,32.0
384 hydro,Skibotn 3,hydro,7019,70.0,177831.093925293,2186.08,0.0,0.9,1,0.0,0,PQ,hydro,0,0.0,Inf,1.0,28.5102185231819,0.0,1.0,0.0,Inf,0.0,0,,1,0.0,0.0,0.0,NO,NO_4,70.0
385 hydro,Klosterfoss 2,hydro,6726,10.5,177831.093925293,6.0,0.0,0.9,1,0.0,0,PQ,hydro,0,0.0,Inf,1.0,6.5478571322756,0.0,1.0,0.0,Inf,0.0,0,,1,0.0,0.0,0.0,NO,NO_2,10.5
386 hydro,Kongsvinger,hydro,6626,42.7,177831.093925293,6.0,0.0,0.9,1,0.0,0,PQ,hydro,0,0.0,Inf,1.0,29.1534940829419,0.0,1.0,0.0,Inf,0.0,0,,1,0.0,0.0,0.0,NO,NO_1,42.7
387 hydro,Kurasfoss 5,hydro,7061,10.6,177831.093925293,2170.28301886792,0.0,0.9,1,0.0,0,PQ,hydro,0,0.0,Inf,1.0,6.6568267070293,0.0,1.0,0.0,Inf,0.0,0,,1,0.0,0.0,0.0,NO,NO_3,10.6
388 hydro,Kvaenangsbotn 4,hydro,7019,55.0,177831.093925293,323.658181818182,0.0,0.9,1,0.0,0,PQ,hydro,0,0.0,Inf,1.0,22.4008859825,0.0,1.0,0.0,Inf,0.0,0,,1,0.0,0.0,0.0,NO,NO_4,55.0
389 hydro,Kvanndal 2,hydro,6687,40.0,177831.093925293,3589.0,0.0,0.9,1,0.0,0,PQ,hydro,0,0.0,Inf,1.0,24.9442176467642,0.0,1.0,0.0,Inf,0.0,0,,1,0.0,0.0,0.0,NO,NO_2,40.0
390 hydro,Kjosnesfjorden,hydro,6649,84.0,177831.093925293,737.331428571429,0.0,0.9,1,0.0,0,PQ,hydro,0,0.0,Inf,1.0,29.796030695525,0.0,1.0,0.0,Inf,0.0,0,,1,0.0,0.0,0.0,NO,NO_5,84.0
391 hydro,Kjensvatn 2,hydro,6944,14.0,177831.093925293,3969.85714285714,0.0,0.9,1,0.0,0,PQ,hydro,0,0.0,Inf,1.0,5.70204370463637,0.0,1.0,0.0,Inf,0.0,0,,1,0.0,0.0,0.0,NO,NO_4,14.0
392 hydro,Kjela,hydro,6702,62.0,177831.093925293,3494.59516129032,0.0,0.9,1,0.0,0,PQ,hydro,0,0.0,Inf,1.0,38.6635373524845,0.0,1.0,0.0,Inf,0.0,0,,1,0.0,0.0,0.0,NO,NO_2,62.0
393 hydro,Kistefoss 2,hydro,6719,5.5999,177831.093925293,6.0,0.0,0.9,1,0.0,0,PQ,hydro,0,0.0,Inf,1.0,3.82334078489616,0.0,1.0,0.0,Inf,0.0,0,,1,0.0,0.0,0.0,NO,NO_1,5.5999
394 hydro,Hol Urunda 3,hydro,6716,106.25,177831.093925293,6.0,0.0,0.9,1,0.0,0,PQ,hydro,0,0.0,Inf,1.0,37.6884316833278,0.0,1.0,0.0,Inf,0.0,0,,1,0.0,0.0,0.0,NO,NO_5,106.25
395 hydro,Gjedrem Holmen 2,hydro,6649,0.28,177831.093925293,6.0,0.0,0.9,1,0.0,0,PQ,hydro,0,0.0,Inf,1.0,0.0,0.0,1.0,0.0,Inf,0.0,0,,1,0.0,0.0,0.0,NO,NO_5,0.0
396 hydro,Holsbru 4,hydro,6666,48.9,177831.093925293,6.0,0.0,0.9,1,0.0,0,PQ,hydro,0,0.0,Inf,1.0,17.3455464406092,0.0,1.0,0.0,Inf,0.0,0,,1,0.0,0.0,0.0,NO,NO_5,48.9
397 hydro,Holseter 3,hydro,6724,2.0,177831.093925293,765.0,0.0,0.9,1,0.0,0,PQ,hydro,0,0.0,Inf,1.0,0.0,0.0,1.0,0.0,Inf,0.0,0,,1,0.0,0.0,0.0,NO,NO_5,0.0
398 hydro,Hommelfoss 5,hydro,6653,2.8,177831.093925293,186.428571428571,0.0,0.9,1,0.0,0,PQ,hydro,0,0.0,Inf,1.0,0.0,0.0,1.0,0.0,Inf,0.0,0,,1,0.0,0.0,0.0,NO,NO_5,0.0
399 hydro,Honefoss 3,hydro,6719,32.28,177831.093925293,6.0,0.0,0.9,1,0.0,0,PQ,hydro,0,0.0,Inf,1.0,22.0392222247626,0.0,1.0,0.0,Inf,0.0,0,,1,0.0,0.0,0.0,NO,NO_1,32.28
400 hydro,Horga 3,hydro,6732,7.2,177831.093925293,1277.76388888889,0.0,0.9,1,0.0,0,PQ,hydro,0,0.0,Inf,1.0,4.91581164864593,0.0,1.0,0.0,Inf,0.0,0,,1,0.0,0.0,0.0,NO,NO_1,7.2
401 hydro,Hovatn 2,hydro,6710,45.0,177831.093925293,1666.13333333333,0.0,0.9,1,0.0,0,PQ,hydro,0,0.0,Inf,1.0,28.0622448526097,0.0,1.0,0.0,Inf,0.0,0,,1,0.0,0.0,0.0,NO,NO_2,45.0
402 hydro,Hove 3,hydro,6649,60.0,177831.093925293,6.0,0.0,0.9,1,0.0,0,PQ,hydro,0,0.0,Inf,1.0,21.2828790682321,0.0,1.0,0.0,Inf,0.0,0,,1,0.0,0.0,0.0,NO,NO_5,60.0
403 hydro,Hoyanger,hydro,6648,109.4,177831.093925293,2349.47257769653,0.0,0.9,1,0.0,0,PQ,hydro,0,0.0,Inf,1.0,68.7034756366987,0.0,1.0,0.0,Inf,0.0,0,,1,0.0,0.0,0.0,NO,NO_3,109.4
404 hydro,Hoylandsfoss,hydro,6364,8.83,177831.093925293,239.44,0.0,0.9,1,0.0,0,PQ,hydro,0,0.0,Inf,1.0,5.5064360455232,0.0,1.0,0.0,Inf,0.0,0,,1,0.0,0.0,0.0,NO,NO_2,8.83
405 hydro,Hunderfossen 2,hydro,6718,112.0,177831.093925293,6.0,0.0,0.9,1,0.0,0,PQ,hydro,0,0.0,Inf,1.0,76.468181201159,0.0,1.0,0.0,Inf,0.0,0,,1,0.0,0.0,0.0,NO,NO_1,112.0
406 hydro,Hunsfoss 3,hydro,6365,25.1,177831.093925293,6.0,0.0,0.9,1,0.0,0,PQ,hydro,0,0.0,Inf,1.0,15.6524965733445,0.0,1.0,0.0,Inf,0.0,0,,1,0.0,0.0,0.0,NO,NO_2,25.1
407 hydro,Innvik 2,hydro,6857,15.5,177831.093925293,6.0,0.0,0.9,1,0.0,0,PQ,hydro,0,0.0,Inf,1.0,9.73403905273153,0.0,1.0,0.0,Inf,0.0,0,,1,0.0,0.0,0.0,NO,NO_3,15.5
408 hydro,Iveland 4,hydro,6365,87.0,177831.093925293,286.179310344828,0.0,0.9,1,0.0,0,PQ,hydro,0,0.0,Inf,1.0,54.2536733817121,0.0,1.0,0.0,Inf,0.0,0,,1,0.0,0.0,0.0,NO,NO_2,87.0
409 hydro,Jorundland 3,hydro,6710,55.2,177831.093925293,2966.93115942029,0.0,0.9,1,0.0,0,PQ,hydro,0,0.0,Inf,1.0,34.4230203525346,0.0,1.0,0.0,Inf,0.0,0,,1,0.0,0.0,0.0,NO,NO_2,55.2
410 hydro,Jossang,hydro,6689,34.0,177831.093925293,519.944117647059,0.0,0.9,1,0.0,0,PQ,hydro,0,0.0,Inf,1.0,21.2025849997496,0.0,1.0,0.0,Inf,0.0,0,,1,0.0,0.0,0.0,NO,NO_2,34.0
412 hydro,Kaggefoss 4,hydro,6732,85.5,177831.093925293,6.0,0.0,0.9,1,0.0,0,PQ,hydro,0,0.0,Inf,1.0,58.3752633276705,0.0,1.0,0.0,Inf,0.0,0,,1,0.0,0.0,0.0,NO,NO_1,85.5
413 hydro,Kaldaga,hydro,6937,17.1,177831.093925293,1161.96,0.0,0.9,1,0.0,0,PQ,hydro,0,0.0,Inf,1.0,6.96463909637728,0.0,1.0,0.0,Inf,0.0,0,,1,0.0,0.0,0.0,NO,NO_4,17.1
414 hydro,Kaldestad 2,hydro,6654,30.3,177831.093925293,1289.86,0.0,0.9,1,0.0,0,PQ,hydro,0,0.0,Inf,1.0,10.7478539294572,0.0,1.0,0.0,Inf,0.0,0,,1,0.0,0.0,0.0,NO,NO_5,30.3
415 hydro,Kalvedalen,hydro,6714,19.0,177831.093925293,3504.42105263158,0.0,0.9,1,0.0,0,PQ,hydro,0,0.0,Inf,1.0,6.73957837160685,0.0,1.0,0.0,Inf,0.0,0,,1,0.0,0.0,0.0,NO,NO_5,19.0
416 hydro,Kammerfoss 4,hydro,6728,1.9,177831.093925293,6.0,0.0,0.9,1,0.0,0,PQ,hydro,0,0.0,Inf,1.0,0.0,0.0,1.0,0.0,Inf,0.0,0,,1,0.0,0.0,0.0,NO,NO_2,0.0
417 hydro,Mel 4,hydro,6649,52.096,177831.093925293,2233.41923076923,0.0,0.9,1,0.0,0,PQ,hydro,0,0.0,Inf,1.0,18.4792144656437,0.0,1.0,0.0,Inf,0.0,0,,1,0.0,0.0,0.0,NO,NO_5,52.096
418 hydro,Lio 3,hydro,6711,43.0,177831.093925293,1499.46511627907,0.0,0.9,1,0.0,0,PQ,hydro,0,0.0,Inf,1.0,26.8150339702715,0.0,1.0,0.0,Inf,0.0,0,,1,0.0,0.0,0.0,NO,NO_2,43.0
419 hydro,Litjfossen 3,hydro,6865,75.0,177831.093925293,1388.0,0.0,0.9,1,0.0,0,PQ,hydro,0,0.0,Inf,1.0,47.10018896483,0.0,1.0,0.0,Inf,0.0,0,,1,0.0,0.0,0.0,NO,NO_3,75.0
420 hydro,Litledalen 2,hydro,6677,17.0,177831.093925293,10.2482352941177,0.0,0.9,1,0.0,0,PQ,hydro,0,0.0,Inf,1.0,10.6012924998748,0.0,1.0,0.0,Inf,0.0,0,,1,0.0,0.0,0.0,NO,NO_2,17.0
421 hydro,Logna 4,hydro,6710,20.2,177831.093925293,2495.36633663366,0.0,0.9,1,0.0,0,PQ,hydro,0,0.0,Inf,1.0,12.5968299116159,0.0,1.0,0.0,Inf,0.0,0,,1,0.0,0.0,0.0,NO,NO_2,20.2
422 hydro,Lomen 2,hydro,6714,54.5,177831.093925293,595.009174311927,0.0,0.9,1,0.0,0,PQ,hydro,0,0.0,Inf,1.0,19.3319484869775,0.0,1.0,0.0,Inf,0.0,0,,1,0.0,0.0,0.0,NO,NO_5,54.5
423 hydro,Lopet 3,hydro,6721,29.0,177831.093925293,277.586206896552,0.0,0.9,1,0.0,0,PQ,hydro,0,0.0,Inf,1.0,19.7997969181572,0.0,1.0,0.0,Inf,0.0,0,,1,0.0,0.0,0.0,NO,NO_1,29.0
424 hydro,Lutufallet 4,hydro,6721,14.1,177831.093925293,6.0,0.0,0.9,1,0.0,0,PQ,hydro,0,0.0,Inf,1.0,9.62679781193162,0.0,1.0,0.0,Inf,0.0,0,,1,0.0,0.0,0.0,NO,NO_1,14.1
425 hydro,Mael 2,hydro,6723,37.5,177831.093925293,6.0,0.0,0.9,1,0.0,0,PQ,hydro,0,0.0,Inf,1.0,23.3852040438414,0.0,1.0,0.0,Inf,0.0,0,,1,0.0,0.0,0.0,NO,NO_2,37.5
426 hydro,Mage 3,hydro,6680,29.55,177831.093925293,143.689655172414,0.0,0.9,1,0.0,0,PQ,hydro,0,0.0,Inf,1.0,18.4275407865471,0.0,1.0,0.0,Inf,0.0,0,,1,0.0,0.0,0.0,NO,NO_2,29.55
427 hydro,Malset 5,hydro,6649,20.0,177831.093925293,1903.615,0.0,0.9,1,0.0,0,PQ,hydro,0,0.0,Inf,1.0,7.09429302274405,0.0,1.0,0.0,Inf,0.0,0,,1,0.0,0.0,0.0,NO,NO_5,20.0
428 hydro,Maudal 2,hydro,6360,25.5,177831.093925293,1749.17647058824,0.0,0.9,1,0.0,0,PQ,hydro,0,0.0,Inf,1.0,15.9019387498122,0.0,1.0,0.0,Inf,0.0,0,,1,0.0,0.0,0.0,NO,NO_2,25.5
429 hydro,Melkefoss 3,hydro,7010,22.0,177831.093925293,6.0,0.0,0.9,1,0.0,0,PQ,hydro,0,0.0,Inf,1.0,8.96035439300001,0.0,1.0,0.0,Inf,0.0,0,,1,0.0,0.0,0.0,NO,NO_4,22.0
430 hydro,Linvasselv,hydro,6940,25.0,177831.093925293,4943.232,0.0,0.9,1,0.0,0,PQ,hydro,0,0.0,Inf,1.0,10.1822209011364,0.0,1.0,0.0,Inf,0.0,0,,1,0.0,0.0,0.0,NO,NO_4,25.0
431 hydro,Leirfossene 3,hydro,6867,45.0,177831.093925293,6.0,0.0,0.9,1,0.0,0,PQ,hydro,0,0.0,Inf,1.0,28.260113378898,0.0,1.0,0.0,Inf,0.0,0,,1,0.0,0.0,0.0,NO,NO_3,45.0
432 hydro,Leinafoss 2,hydro,6662,7.7,177831.093925293,6.0,0.0,0.9,1,0.0,0,PQ,hydro,0,0.0,Inf,1.0,2.73130281375646,0.0,1.0,0.0,Inf,0.0,0,,1,0.0,0.0,0.0,NO,NO_5,7.7
433 hydro,Laudal 2,hydro,6362,32.0,177831.093925293,5.821875,0.0,0.9,1,0.0,0,PQ,hydro,0,0.0,Inf,1.0,19.9553741174114,0.0,1.0,0.0,Inf,0.0,0,,1,0.0,0.0,0.0,NO,NO_2,32.0
434 hydro,Norddalen 2,hydro,6997,7.5,177831.093925293,6.0,0.0,0.9,1,0.0,0,PQ,hydro,0,0.0,Inf,1.0,3.05466627034091,0.0,1.0,0.0,Inf,0.0,0,,1,0.0,0.0,0.0,NO,NO_4,7.5
435 hydro,Neverdalsaga 4,hydro,7006,2.1,177831.093925293,6.0,0.0,0.9,1,0.0,0,PQ,hydro,0,0.0,Inf,1.0,0.0,0.0,1.0,0.0,Inf,0.0,0,,1,0.0,0.0,0.0,NO,NO_4,0.0
436 hydro,Kvinen,hydro,6707,80.0,177831.093925293,375.7,0.0,0.9,1,0.0,0,PQ,hydro,0,0.0,Inf,1.0,49.8884352935284,0.0,1.0,0.0,Inf,0.0,0,,1,0.0,0.0,0.0,NO,NO_2,80.0
437 hydro,Kvitingen 6,hydro,6653,48.3,177831.093925293,1201.1375,0.0,0.9,1,0.0,0,PQ,hydro,0,0.0,Inf,1.0,17.1327176499269,0.0,1.0,0.0,Inf,0.0,0,,1,0.0,0.0,0.0,NO,NO_5,48.3
438 hydro,Lakshola 3,hydro,7008,30.0,177831.093925293,630.466666666667,0.0,0.9,1,0.0,0,PQ,hydro,0,0.0,Inf,1.0,12.2186650813636,0.0,1.0,0.0,Inf,0.0,0,,1,0.0,0.0,0.0,NO,NO_4,30.0
439 hydro,Langasfoss 5,hydro,6728,3.53,177831.093925293,6.0,0.0,0.9,1,0.0,0,PQ,hydro,0,0.0,Inf,1.0,0.0,0.0,1.0,0.0,Inf,0.0,0,,1,0.0,0.0,0.0,NO,NO_2,0.0
440 hydro,Langvatn 3,hydro,6944,95.4,177831.093925293,52.8,0.0,0.9,1,0.0,0,PQ,hydro,0,0.0,Inf,1.0,38.8553549587364,0.0,1.0,0.0,Inf,0.0,0,,1,0.0,0.0,0.0,NO,NO_4,95.4
441 hydro,Hogga 6,hydro,6725,17.0,177831.093925293,205.882352941176,0.0,0.9,1,0.0,0,PQ,hydro,0,0.0,Inf,1.0,10.6012924998748,0.0,1.0,0.0,Inf,0.0,0,,1,0.0,0.0,0.0,NO,NO_2,17.0
442 hydro,Hofsfoss 4,hydro,6719,27.0,177831.093925293,6.0,0.0,0.9,1,0.0,0,PQ,hydro,0,0.0,Inf,1.0,18.4342936824223,0.0,1.0,0.0,Inf,0.0,0,,1,0.0,0.0,0.0,NO,NO_1,27.0
443 hydro,Breiava 3,hydro,6697,14.8,177831.093925293,383.783783783784,0.0,0.9,1,0.0,0,PQ,hydro,0,0.0,Inf,1.0,9.22936052930275,0.0,1.0,0.0,Inf,0.0,0,,1,0.0,0.0,0.0,NO,NO_2,14.8
444 hydro,Bingsfoss 2,hydro,6626,32.5,177831.093925293,6.0,0.0,0.9,1,0.0,0,PQ,hydro,0,0.0,Inf,1.0,22.1894275806935,0.0,1.0,0.0,Inf,0.0,0,,1,0.0,0.0,0.0,NO,NO_1,32.5
445 hydro,Bjelland 3,hydro,6362,55.71,177831.093925293,7.76,0.0,0.9,1,0.0,0,PQ,hydro,0,0.0,Inf,1.0,34.7410591275308,0.0,1.0,0.0,Inf,0.0,0,,1,0.0,0.0,0.0,NO,NO_2,55.71
446 hydro,Bjerka 3,hydro,6934,20.0,177831.093925293,6441.3,0.0,0.9,1,0.0,0,PQ,hydro,0,0.0,Inf,1.0,8.1457767209091,0.0,1.0,0.0,Inf,0.0,0,,1,0.0,0.0,0.0,NO,NO_4,20.0
447 hydro,Bjordalen 2,hydro,6722,2.9,177831.093925293,1368.0,0.0,0.9,1,0.0,0,PQ,hydro,0,0.0,Inf,1.0,0.0,0.0,1.0,0.0,Inf,0.0,0,,1,0.0,0.0,0.0,NO,NO_2,0.0
448 hydro,Blafalli 3,hydro,6677,126.1,177831.093925293,1099.46933333333,0.0,0.9,1,0.0,0,PQ,hydro,0,0.0,Inf,1.0,78.6366461314241,0.0,1.0,0.0,Inf,0.0,0,,1,0.0,0.0,0.0,NO,NO_2,126.1
449 hydro,Bogna,hydro,6938,57.0,177831.093925293,1750.0,0.0,0.9,1,0.0,0,PQ,hydro,0,0.0,Inf,1.0,35.7961436132708,0.0,1.0,0.0,Inf,0.0,0,,1,0.0,0.0,0.0,NO,NO_3,57.0
450 hydro,Bortveit,hydro,6749,2.4,177831.093925293,659.458333333333,0.0,0.9,1,0.0,0,PQ,hydro,0,0.0,Inf,1.0,0.0,0.0,1.0,0.0,Inf,0.0,0,,1,0.0,0.0,0.0,NO,NO_2,0.0
451 hydro,Braskereidfoss 3,hydro,6626,35.95,177831.093925293,0.305980528511822,0.0,0.9,1,0.0,0,PQ,hydro,0,0.0,Inf,1.0,24.5449206623363,0.0,1.0,0.0,Inf,0.0,0,,1,0.0,0.0,0.0,NO,NO_1,35.95
453 hydro,Brattset 4,hydro,6865,80.0,177831.093925293,13.09,0.0,0.9,1,0.0,0,PQ,hydro,0,0.0,Inf,1.0,50.2402015624853,0.0,1.0,0.0,Inf,0.0,0,,1,0.0,0.0,0.0,NO,NO_3,80.0
454 hydro,Brulandsfoss 5,hydro,6647,12.5,177831.093925293,6.0,0.0,0.9,1,0.0,0,PQ,hydro,0,0.0,Inf,1.0,7.85003149413833,0.0,1.0,0.0,Inf,0.0,0,,1,0.0,0.0,0.0,NO,NO_3,12.5
455 hydro,Eidesfossen 3,hydro,6675,4.1,177831.093925293,6.0,0.0,0.9,1,0.0,0,PQ,hydro,0,0.0,Inf,1.0,0.0,0.0,1.0,0.0,Inf,0.0,0,,1,0.0,0.0,0.0,NO,NO_2,0.0
456 hydro,Byrkjelo 3,hydro,6857,13.27,177831.093925293,6.0,0.0,0.9,1,0.0,0,PQ,hydro,0,0.0,Inf,1.0,8.33359343417725,0.0,1.0,0.0,Inf,0.0,0,,1,0.0,0.0,0.0,NO,NO_3,13.27
457 hydro,Byrte 4,hydro,6711,20.0,177831.093925293,2019.54,0.0,0.9,1,0.0,0,PQ,hydro,0,0.0,Inf,1.0,12.4721088233821,0.0,1.0,0.0,Inf,0.0,0,,1,0.0,0.0,0.0,NO,NO_2,20.0
458 hydro,Daja 4,hydro,7008,30.0,177831.093925293,3658.53666666667,0.0,0.9,1,0.0,0,PQ,hydro,0,0.0,Inf,1.0,12.2186650813636,0.0,1.0,0.0,Inf,0.0,0,,1,0.0,0.0,0.0,NO,NO_4,30.0
459 hydro,Mydalen 3,hydro,6723,7.0,177831.093925293,4221.25714285714,0.0,0.9,1,0.0,0,PQ,hydro,0,0.0,Inf,1.0,4.36523808818374,0.0,1.0,0.0,Inf,0.0,0,,1,0.0,0.0,0.0,NO,NO_2,7.0
460 hydro,Dalvatn 4,hydro,6683,35.4,177831.093925293,350.720338983051,0.0,0.9,1,0.0,0,PQ,hydro,0,0.0,Inf,1.0,22.0756326173863,0.0,1.0,0.0,Inf,0.0,0,,1,0.0,0.0,0.0,NO,NO_2,35.4
461 hydro,Dividalen 5,hydro,7019,26.0,177831.093925293,3251.58076923077,0.0,0.9,1,0.0,0,PQ,hydro,0,0.0,Inf,1.0,10.5895097371818,0.0,1.0,0.0,Inf,0.0,0,,1,0.0,0.0,0.0,NO,NO_4,26.0
462 hydro,Djupa 4,hydro,6724,14.308,177831.093925293,6.0,0.0,0.9,1,0.0,0,PQ,hydro,0,0.0,Inf,1.0,5.07525722847109,0.0,1.0,0.0,Inf,0.0,0,,1,0.0,0.0,0.0,NO,NO_5,14.308
463 hydro,Dokka 3,hydro,6718,44.6,177831.093925293,6.0,0.0,0.9,1,0.0,0,PQ,hydro,0,0.0,Inf,1.0,30.4507221568901,0.0,1.0,0.0,Inf,0.0,0,,1,0.0,0.0,0.0,NO,NO_1,44.6
464 hydro,Dovikfoss 5,hydro,6732,15.0,177831.093925293,6.0,0.0,0.9,1,0.0,0,PQ,hydro,0,0.0,Inf,1.0,10.2412742680124,0.0,1.0,0.0,Inf,0.0,0,,1,0.0,0.0,0.0,NO,NO_1,15.0
465 hydro,Dynjanfoss 2,hydro,6372,33.0,177831.093925293,1275.0696969697,0.0,0.9,1,0.0,0,PQ,hydro,0,0.0,Inf,1.0,20.5789795585805,0.0,1.0,0.0,Inf,0.0,0,,1,0.0,0.0,0.0,NO,NO_2,33.0
466 hydro,Berlifoss 3,hydro,6372,9.5,177831.093925293,6.0,0.0,0.9,1,0.0,0,PQ,hydro,0,0.0,Inf,1.0,5.9242516911065,0.0,1.0,0.0,Inf,0.0,0,,1,0.0,0.0,0.0,NO,NO_2,9.5
467 hydro,Berild 3,hydro,6860,15.9,177831.093925293,106.450943396226,0.0,0.9,1,0.0,0,PQ,hydro,0,0.0,Inf,1.0,9.98524006054396,0.0,1.0,0.0,Inf,0.0,0,,1,0.0,0.0,0.0,NO,NO_3,15.9
468 hydro,Bergerfoss 5,hydro,6719,3.3,177831.093925293,1609.63636363636,0.0,0.9,1,0.0,0,PQ,hydro,0,0.0,Inf,1.0,0.0,0.0,1.0,0.0,Inf,0.0,0,,1,0.0,0.0,0.0,NO,NO_1,0.0
469 hydro,Begna 6,hydro,6719,5.6,177831.093925293,6.0,0.0,0.9,1,0.0,0,PQ,hydro,0,0.0,Inf,1.0,3.82340906005795,0.0,1.0,0.0,Inf,0.0,0,,1,0.0,0.0,0.0,NO,NO_1,5.6
470 hydro,Ulefoss 6,hydro,6728,14.2,177831.093925293,6.0,0.0,0.9,1,0.0,0,PQ,hydro,0,0.0,Inf,1.0,8.85519726460129,0.0,1.0,0.0,Inf,0.0,0,,1,0.0,0.0,0.0,NO,NO_2,14.2
471 hydro,Abjora 2,hydro,6712,95.0,177831.093925293,93.7894736842105,0.0,0.9,1,0.0,0,PQ,hydro,0,0.0,Inf,1.0,64.8614036974116,0.0,1.0,0.0,Inf,0.0,0,,1,0.0,0.0,0.0,NO,NO_1,95.0
472 hydro,Amdal 5,hydro,6711,21.0,177831.093925293,19.7666666666667,0.0,0.9,1,0.0,0,PQ,hydro,0,0.0,Inf,1.0,13.0957142645512,0.0,1.0,0.0,Inf,0.0,0,,1,0.0,0.0,0.0,NO,NO_2,21.0
473 hydro,Amela 4,hydro,6857,32.0,177831.093925293,1510.8,0.0,0.9,1,0.0,0,PQ,hydro,0,0.0,Inf,1.0,20.0960806249941,0.0,1.0,0.0,Inf,0.0,0,,1,0.0,0.0,0.0,NO,NO_3,32.0
474 hydro,Amli Gjov 4,hydro,6372,18.495,177831.093925293,6.0,0.0,0.9,1,0.0,0,PQ,hydro,0,0.0,Inf,1.0,11.5335826344226,0.0,1.0,0.0,Inf,0.0,0,,1,0.0,0.0,0.0,NO,NO_2,18.495
475 hydro,Ardalen 7,hydro,6653,2.5,177831.093925293,816.136,0.0,0.9,1,0.0,0,PQ,hydro,0,0.0,Inf,1.0,0.0,0.0,1.0,0.0,Inf,0.0,0,,1,0.0,0.0,0.0,NO,NO_5,0.0
476 hydro,Arna 3,hydro,6747,2.2,177831.093925293,108.363636363636,0.0,0.9,1,0.0,0,PQ,hydro,0,0.0,Inf,1.0,0.0,0.0,1.0,0.0,Inf,0.0,0,,1,0.0,0.0,0.0,NO,NO_5,0.0
477 hydro,Aroy 2,hydro,6660,94.0,177831.093925293,209.644444444444,0.0,0.9,1,0.0,0,PQ,hydro,0,0.0,Inf,1.0,33.343177206897,0.0,1.0,0.0,Inf,0.0,0,,1,0.0,0.0,0.0,NO,NO_5,94.0
478 hydro,Asebotn 3,hydro,6651,15.0,177831.093925293,2525.86,0.0,0.9,1,0.0,0,PQ,hydro,0,0.0,Inf,1.0,5.32071976705804,0.0,1.0,0.0,Inf,0.0,0,,1,0.0,0.0,0.0,NO,NO_5,15.0
479 hydro,Askerudfoss 7,hydro,6719,13.2,177831.093925293,6.0,0.0,0.9,1,0.0,0,PQ,hydro,0,0.0,Inf,1.0,9.01232135585088,0.0,1.0,0.0,Inf,0.0,0,,1,0.0,0.0,0.0,NO,NO_1,13.2
480 hydro,Asmulfoss 3,hydro,6941,12.0,177831.093925293,6.0,0.0,0.9,1,0.0,0,PQ,hydro,0,0.0,Inf,1.0,4.88746603254546,0.0,1.0,0.0,Inf,0.0,0,,1,0.0,0.0,0.0,NO,NO_4,12.0
481 hydro,Aunfoss 4,hydro,6941,29.54,177831.093925293,6.0,0.0,0.9,1,0.0,0,PQ,hydro,0,0.0,Inf,1.0,12.0313122167827,0.0,1.0,0.0,Inf,0.0,0,,1,0.0,0.0,0.0,NO,NO_4,29.54
482 hydro,Bagn 3,hydro,6712,75.5,177831.093925293,26.1456953642384,0.0,0.9,1,0.0,0,PQ,hydro,0,0.0,Inf,1.0,51.5477471489956,0.0,1.0,0.0,Inf,0.0,0,,1,0.0,0.0,0.0,NO,NO_1,75.5
483 hydro,Eidefossen 2,hydro,6874,13.2,177831.093925293,6.0,0.0,0.9,1,0.0,0,PQ,hydro,0,0.0,Inf,1.0,8.28963325781008,0.0,1.0,0.0,Inf,0.0,0,,1,0.0,0.0,0.0,NO,NO_3,13.2
484 hydro,Eide 3,hydro,6726,2.39,177831.093925293,6.0,0.0,0.9,1,0.0,0,PQ,hydro,0,0.0,Inf,1.0,0.0,0.0,1.0,0.0,Inf,0.0,0,,1,0.0,0.0,0.0,NO,NO_2,0.0
485 hydro,Hodnaberg 3,hydro,6655,32.5,177831.093925293,3779.63076923077,0.0,0.9,1,0.0,0,PQ,hydro,0,0.0,Inf,1.0,11.5282261619591,0.0,1.0,0.0,Inf,0.0,0,,1,0.0,0.0,0.0,NO,NO_5,32.5
486 hydro,Hardeland 4,hydro,6677,36.0,177831.093925293,2207.39722222222,0.0,0.9,1,0.0,0,PQ,hydro,0,0.0,Inf,1.0,22.4497958820878,0.0,1.0,0.0,Inf,0.0,0,,1,0.0,0.0,0.0,NO,NO_2,36.0
487 hydro,Groa 6,hydro,6872,34.7,177831.093925293,6.0,0.0,0.9,1,0.0,0,PQ,hydro,0,0.0,Inf,1.0,21.791687427728,0.0,1.0,0.0,Inf,0.0,0,,1,0.0,0.0,0.0,NO,NO_3,34.7
488 hydro,Grodemfoss,hydro,6356,3.08,177831.093925293,6.0,0.0,0.9,1,0.0,0,PQ,hydro,0,0.0,Inf,1.0,0.0,0.0,1.0,0.0,Inf,0.0,0,,1,0.0,0.0,0.0,NO,NO_2,0.0
489 hydro,Gronsdal 8,hydro,6653,36.0,177831.093925293,437.305555555556,0.0,0.9,1,0.0,0,PQ,hydro,0,0.0,Inf,1.0,12.7697274409393,0.0,1.0,0.0,Inf,0.0,0,,1,0.0,0.0,0.0,NO,NO_5,36.0
490 hydro,Gronvollfoss 7,hydro,6725,33.0,177831.093925293,6.0,0.0,0.9,1,0.0,0,PQ,hydro,0,0.0,Inf,1.0,20.5789795585805,0.0,1.0,0.0,Inf,0.0,0,,1,0.0,0.0,0.0,NO,NO_2,33.0
491 hydro,Grunnai 8,hydro,6725,25.32,177831.093925293,7.77962085308057,0.0,0.9,1,0.0,0,PQ,hydro,0,0.0,Inf,1.0,15.7896897704017,0.0,1.0,0.0,Inf,0.0,0,,1,0.0,0.0,0.0,NO,NO_2,25.32
492 hydro,Grytaga 2,hydro,6937,49.3,177831.093925293,1367.30208333333,0.0,0.9,1,0.0,0,PQ,hydro,0,0.0,Inf,1.0,20.0793396170409,0.0,1.0,0.0,Inf,0.0,0,,1,0.0,0.0,0.0,NO,NO_4,49.3
493 hydro,Guolasjohka 6,hydro,7019,80.0,177831.093925293,2811.4575,0.0,0.9,1,0.0,0,PQ,hydro,0,0.0,Inf,1.0,32.5831068836364,0.0,1.0,0.0,Inf,0.0,0,,1,0.0,0.0,0.0,NO,NO_4,80.0
494 hydro,Haen 4,hydro,6868,25.0,177831.093925293,385.833333333333,0.0,0.9,1,0.0,0,PQ,hydro,0,0.0,Inf,1.0,15.7000629882767,0.0,1.0,0.0,Inf,0.0,0,,1,0.0,0.0,0.0,NO,NO_3,25.0
495 hydro,Hakvik 3,hydro,6997,14.6,177831.093925293,2084.0,0.0,0.9,1,0.0,0,PQ,hydro,0,0.0,Inf,1.0,5.94641700626364,0.0,1.0,0.0,Inf,0.0,0,,1,0.0,0.0,0.0,NO,NO_4,14.6
496 hydro,Hammeren,hydro,6735,4.882,177831.093925293,1574.8085106383,0.0,0.9,1,0.0,0,PQ,hydro,0,0.0,Inf,1.0,0.0,0.0,1.0,0.0,Inf,0.0,0,,1,0.0,0.0,0.0,NO,NO_1,0.0
497 hydro,Hanefoss 5,hydro,6365,22.0,177831.093925293,114.054545454545,0.0,0.9,1,0.0,0,PQ,hydro,0,0.0,Inf,1.0,13.7193197057203,0.0,1.0,0.0,Inf,0.0,0,,1,0.0,0.0,0.0,NO,NO_2,22.0
498 hydro,Harpefossen 2,hydro,6713,108.0,177831.093925293,6.0,0.0,0.9,1,0.0,0,PQ,hydro,0,0.0,Inf,1.0,73.737174729689,0.0,1.0,0.0,Inf,0.0,0,,1,0.0,0.0,0.0,NO,NO_1,108.0
499 hydro,Eidsfoss 7,hydro,6728,27.4,177831.093925293,6.0,0.0,0.9,1,0.0,0,PQ,hydro,0,0.0,Inf,1.0,17.0867890880335,0.0,1.0,0.0,Inf,0.0,0,,1,0.0,0.0,0.0,NO,NO_2,27.4
500 hydro,Haukland 3,hydro,6360,4.9,177831.093925293,1073.77551020408,0.0,0.9,1,0.0,0,PQ,hydro,0,0.0,Inf,1.0,0.0,0.0,1.0,0.0,Inf,0.0,0,,1,0.0,0.0,0.0,NO,NO_2,0.0
501 hydro,Haukeli 5,hydro,6710,20.9,177831.093925293,1623.6,0.0,0.9,1,0.0,0,PQ,hydro,0,0.0,Inf,1.0,13.0333537204343,0.0,1.0,0.0,Inf,0.0,0,,1,0.0,0.0,0.0,NO,NO_2,20.9
502 hydro,Haverstad 4,hydro,6708,48.0,177831.093925293,41.5333333333333,0.0,0.9,1,0.0,0,PQ,hydro,0,0.0,Inf,1.0,29.933061176117,0.0,1.0,0.0,Inf,0.0,0,,1,0.0,0.0,0.0,NO,NO_2,48.0
503 hydro,Heggmoen 5,hydro,7008,10.0,177831.093925293,3213.2,0.0,0.9,1,0.0,0,PQ,hydro,0,0.0,Inf,1.0,4.07288836045455,0.0,1.0,0.0,Inf,0.0,0,,1,0.0,0.0,0.0,NO,NO_4,10.0
504 hydro,Hegsetfoss 2,hydro,6870,32.0,177831.093925293,6.0,0.0,0.9,1,0.0,0,PQ,hydro,0,0.0,Inf,1.0,20.0960806249941,0.0,1.0,0.0,Inf,0.0,0,,1,0.0,0.0,0.0,NO,NO_3,32.0
505 hydro,Hekni 6,hydro,6710,56.0,177831.093925293,6.0,0.0,0.9,1,0.0,0,PQ,hydro,0,0.0,Inf,1.0,34.9219047054699,0.0,1.0,0.0,Inf,0.0,0,,1,0.0,0.0,0.0,NO,NO_2,56.0
506 hydro,Hellandsfoss 4,hydro,6651,34.0,177831.093925293,6.0,0.0,0.9,1,0.0,0,PQ,hydro,0,0.0,Inf,1.0,12.0602981386649,0.0,1.0,0.0,Inf,0.0,0,,1,0.0,0.0,0.0,NO,NO_5,34.0
507 hydro,Hellefoss 6,hydro,6732,11.0,177831.093925293,6.0,0.0,0.9,1,0.0,0,PQ,hydro,0,0.0,Inf,1.0,7.5102677965424,0.0,1.0,0.0,Inf,0.0,0,,1,0.0,0.0,0.0,NO,NO_1,11.0
508 hydro,Hensfoss 8,hydro,6719,16.7,177831.093925293,339.712574850299,0.0,0.9,1,0.0,0,PQ,hydro,0,0.0,Inf,1.0,11.4019520183871,0.0,1.0,0.0,Inf,0.0,0,,1,0.0,0.0,0.0,NO,NO_1,16.7
510 hydro,Hetland 2,hydro,6356,1.755,177831.093925293,712.77027027027,0.0,0.9,1,0.0,0,PQ,hydro,0,0.0,Inf,1.0,0.0,0.0,1.0,0.0,Inf,0.0,0,,1,0.0,0.0,0.0,NO,NO_2,0.0
511 hydro,Gresslifoss 6,hydro,7061,25.0,177831.093925293,2.72,0.0,0.9,1,0.0,0,PQ,hydro,0,0.0,Inf,1.0,15.7000629882767,0.0,1.0,0.0,Inf,0.0,0,,1,0.0,0.0,0.0,NO,NO_3,25.0
512 hydro,Gravfoss 7,hydro,6732,48.8,177831.093925293,6.0,0.0,0.9,1,0.0,0,PQ,hydro,0,0.0,Inf,1.0,33.3182789519335,0.0,1.0,0.0,Inf,0.0,0,,1,0.0,0.0,0.0,NO,NO_1,48.8
513 hydro,Grasjo 7,hydro,6872,15.0,177831.093925293,2186.66666666667,0.0,0.9,1,0.0,0,PQ,hydro,0,0.0,Inf,1.0,9.420037792966,0.0,1.0,0.0,Inf,0.0,0,,1,0.0,0.0,0.0,NO,NO_3,15.0
514 hydro,Govddesaga 5,hydro,7006,26.8,177831.093925293,6.0,0.0,0.9,1,0.0,0,PQ,hydro,0,0.0,Inf,1.0,10.9153408060182,0.0,1.0,0.0,Inf,0.0,0,,1,0.0,0.0,0.0,NO,NO_4,26.8
515 hydro,Eikelandsosen 4,hydro,6747,30.0,177831.093925293,1571.66666666667,0.0,0.9,1,0.0,0,PQ,hydro,0,0.0,Inf,1.0,10.6414395341161,0.0,1.0,0.0,Inf,0.0,0,,1,0.0,0.0,0.0,NO,NO_5,30.0
516 hydro,Eiriksdal 2,hydro,6648,80.0,177831.093925293,652.83,0.0,0.9,1,0.0,0,PQ,hydro,0,0.0,Inf,1.0,50.2402015624853,0.0,1.0,0.0,Inf,0.0,0,,1,0.0,0.0,0.0,NO,NO_3,80.0
517 hydro,Embretsfoss 8,hydro,6732,71.0,177831.093925293,6.0,0.0,0.9,1,0.0,0,PQ,hydro,0,0.0,Inf,1.0,48.4753648685919,0.0,1.0,0.0,Inf,0.0,0,,1,0.0,0.0,0.0,NO,NO_1,71.0
518 hydro,Fagerli 6,hydro,7008,48.32,177831.093925293,6.0,0.0,0.9,1,0.0,0,PQ,hydro,0,0.0,Inf,1.0,19.6801965577164,0.0,1.0,0.0,Inf,0.0,0,,1,0.0,0.0,0.0,NO,NO_4,48.32
519 hydro,Fagervollan 4,hydro,6934,21.0,177831.093925293,2431.42857142857,0.0,0.9,1,0.0,0,PQ,hydro,0,0.0,Inf,1.0,8.55306555695456,0.0,1.0,0.0,Inf,0.0,0,,1,0.0,0.0,0.0,NO,NO_4,21.0
520 hydro,Faslefoss 4,hydro,6712,17.8,177831.093925293,397.101123595506,0.0,0.9,1,0.0,0,PQ,hydro,0,0.0,Inf,1.0,12.1529787980413,0.0,1.0,0.0,Inf,0.0,0,,1,0.0,0.0,0.0,NO,NO_1,17.8
521 hydro,Fellesanlegget Kykkelsrud Fossumfoss 2,hydro,6741,230.0,177831.093925293,6.0,0.0,0.9,1,0.0,0,PQ,hydro,0,0.0,Inf,1.0,157.032872109523,0.0,1.0,0.0,Inf,0.0,0,,1,0.0,0.0,0.0,NO,NO_1,230.0
522 hydro,Finsa 2,hydro,6357,23.0,177831.093925293,641.826086956522,0.0,0.9,1,0.0,0,PQ,hydro,0,0.0,Inf,1.0,14.3429251468894,0.0,1.0,0.0,Inf,0.0,0,,1,0.0,0.0,0.0,NO,NO_2,23.0
523 hydro,Fjaeremsfoss 5,hydro,6868,18.8,177831.093925293,6.0,0.0,0.9,1,0.0,0,PQ,hydro,0,0.0,Inf,1.0,11.806447367184,0.0,1.0,0.0,Inf,0.0,0,,1,0.0,0.0,0.0,NO,NO_3,18.8
524 hydro,Fjone 9,hydro,6725,50.0,177831.093925293,2753.52,0.0,0.9,1,0.0,0,PQ,hydro,0,0.0,Inf,1.0,31.1802720584552,0.0,1.0,0.0,Inf,0.0,0,,1,0.0,0.0,0.0,NO,NO_2,50.0
525 hydro,Florli 4,hydro,6697,80.0,177831.093925293,2025.625,0.0,0.9,1,0.0,0,PQ,hydro,0,0.0,Inf,1.0,49.8884352935284,0.0,1.0,0.0,Inf,0.0,0,,1,0.0,0.0,0.0,NO,NO_2,80.0
526 hydro,Follafoss 2,hydro,6812,48.1,177831.093925293,300.706860706861,0.0,0.9,1,0.0,0,PQ,hydro,0,0.0,Inf,1.0,30.2069211894443,0.0,1.0,0.0,Inf,0.0,0,,1,0.0,0.0,0.0,NO,NO_3,48.1
527 hydro,Forsa 6,hydro,7006,13.1,177831.093925293,3824.375,0.0,0.9,1,0.0,0,PQ,hydro,0,0.0,Inf,1.0,5.33548375219546,0.0,1.0,0.0,Inf,0.0,0,,1,0.0,0.0,0.0,NO,NO_4,13.1
528 hydro,Fosse 9,hydro,6653,25.07,177831.093925293,6.0,0.0,0.9,1,0.0,0,PQ,hydro,0,0.0,Inf,1.0,8.89269630400967,0.0,1.0,0.0,Inf,0.0,0,,1,0.0,0.0,0.0,NO,NO_5,25.07
529 hydro,Fossmark 10,hydro,6653,11.04,177831.093925293,208.4,0.0,0.9,1,0.0,0,PQ,hydro,0,0.0,Inf,1.0,3.91604974855472,0.0,1.0,0.0,Inf,0.0,0,,1,0.0,0.0,0.0,NO,NO_5,11.04
530 hydro,Framruste 6,hydro,6666,75.0,177831.093925293,1708.69333333333,0.0,0.9,1,0.0,0,PQ,hydro,0,0.0,Inf,1.0,26.6035988352902,0.0,1.0,0.0,Inf,0.0,0,,1,0.0,0.0,0.0,NO,NO_5,75.0
531 hydro,Froystul 3,hydro,6722,45.6,177831.093925293,3290.0,0.0,0.9,1,0.0,0,PQ,hydro,0,0.0,Inf,1.0,28.4364081173112,0.0,1.0,0.0,Inf,0.0,0,,1,0.0,0.0,0.0,NO,NO_2,45.6
532 hydro,Funna 7,hydro,7061,20.6,177831.093925293,2733.98058252427,0.0,0.9,1,0.0,0,PQ,hydro,0,0.0,Inf,1.0,12.93685190234,0.0,1.0,0.0,Inf,0.0,0,,1,0.0,0.0,0.0,NO,NO_3,20.6
533 hydro,Funnefoss 4,hydro,6626,40.0,177831.093925293,6.0,0.0,0.9,1,0.0,0,PQ,hydro,0,0.0,Inf,1.0,27.3100647146996,0.0,1.0,0.0,Inf,0.0,0,,1,0.0,0.0,0.0,NO,NO_1,40.0
534 hydro,Gamlebrofoss 9,hydro,6732,15.0,177831.093925293,6.0,0.0,0.9,1,0.0,0,PQ,hydro,0,0.0,Inf,1.0,10.2412742680124,0.0,1.0,0.0,Inf,0.0,0,,1,0.0,0.0,0.0,NO,NO_1,15.0
535 hydro,Geithusfoss 10,hydro,6732,13.5,177831.093925293,248.148148148148,0.0,0.9,1,0.0,0,PQ,hydro,0,0.0,Inf,1.0,9.21714684121113,0.0,1.0,0.0,Inf,0.0,0,,1,0.0,0.0,0.0,NO,NO_1,13.5
536 hydro,Gjuva 2,hydro,6671,10.0,177831.093925293,3145.0,0.0,0.9,1,0.0,0,PQ,hydro,0,0.0,Inf,1.0,3.54714651137203,0.0,1.0,0.0,Inf,0.0,0,,1,0.0,0.0,0.0,NO,NO_5,10.0
537 hydro,Ramfoss,hydro,6731,30.0,177831.093925293,173.333333333333,0.0,0.9,1,0.0,0,PQ,hydro,0,0.0,Inf,1.0,20.4825485360247,0.0,1.0,0.0,Inf,0.0,0,,1,0.0,0.0,0.0,NO,NO_1,30.0
538 hydro,Ranasfoss 5,hydro,6626,128.4,177831.093925293,296.323987538941,0.0,0.9,1,0.0,0,PQ,hydro,0,0.0,Inf,1.0,87.6653077341858,0.0,1.0,0.0,Inf,0.0,0,,1,0.0,0.0,0.0,NO,NO_1,128.4
539 hydro,Refsdal 6,hydro,6649,90.493,177831.093925293,1192.64444444444,0.0,0.9,1,0.0,0,PQ,hydro,0,0.0,Inf,1.0,32.0991929253589,0.0,1.0,0.0,Inf,0.0,0,,1,0.0,0.0,0.0,NO,NO_5,90.493
540 hydro,Rekvatn 3,hydro,7007,23.3,177831.093925293,1421.03004291845,0.0,0.9,1,0.0,0,PQ,hydro,0,0.0,Inf,1.0,9.4898298798591,0.0,1.0,0.0,Inf,0.0,0,,1,0.0,0.0,0.0,NO,NO_4,23.3
541 hydro,Aurland Reppa 7,hydro,7006,19.0,177831.093925293,4088.07,0.0,0.9,1,0.0,0,PQ,hydro,0,0.0,Inf,1.0,7.73848788486365,0.0,1.0,0.0,Inf,0.0,0,,1,0.0,0.0,0.0,NO,NO_4,19.0
542 hydro,Ringdal 4,hydro,6680,28.85,177831.093925293,6.0,0.0,0.9,1,0.0,0,PQ,hydro,0,0.0,Inf,1.0,17.9910169777287,0.0,1.0,0.0,Inf,0.0,0,,1,0.0,0.0,0.0,NO,NO_2,28.85
543 hydro,Rognsfossen 4,hydro,6655,6.0,177831.093925293,6.0,0.0,0.9,1,0.0,0,PQ,hydro,0,0.0,Inf,1.0,2.12828790682321,0.0,1.0,0.0,Inf,0.0,0,,1,0.0,0.0,0.0,NO,NO_5,6.0
544 hydro,Roskrepp 2,hydro,6707,50.0,177831.093925293,2877.3,0.0,0.9,1,0.0,0,PQ,hydro,0,0.0,Inf,1.0,31.1802720584552,0.0,1.0,0.0,Inf,0.0,0,,1,0.0,0.0,0.0,NO,NO_2,50.0
545 hydro,Rosten 3,hydro,6874,80.0,177831.093925293,6.0,0.0,0.9,1,0.0,0,PQ,hydro,0,0.0,Inf,1.0,50.2402015624853,0.0,1.0,0.0,Inf,0.0,0,,1,0.0,0.0,0.0,NO,NO_3,80.0
546 hydro,Royrvikfoss 2,hydro,6940,16.6,177831.093925293,2001.92771084337,0.0,0.9,1,0.0,0,PQ,hydro,0,0.0,Inf,1.0,6.76099467835455,0.0,1.0,0.0,Inf,0.0,0,,1,0.0,0.0,0.0,NO,NO_4,16.6
547 hydro,Rygene 5,hydro,6372,55.11,177831.093925293,6.0,0.0,0.9,1,0.0,0,PQ,hydro,0,0.0,Inf,1.0,34.3668958628294,0.0,1.0,0.0,Inf,0.0,0,,1,0.0,0.0,0.0,NO,NO_2,55.11
548 hydro,Sagefossen 6,hydro,6647,10.1,177831.093925293,328.930693069307,0.0,0.9,1,0.0,0,PQ,hydro,0,0.0,Inf,1.0,6.34282544726377,0.0,1.0,0.0,Inf,0.0,0,,1,0.0,0.0,0.0,NO,NO_3,10.1
549 hydro,Sagfossen 4,hydro,7007,18.647,177831.093925293,38.5840707964602,0.0,0.9,1,0.0,0,PQ,hydro,0,0.0,Inf,1.0,7.5947149257396,0.0,1.0,0.0,Inf,0.0,0,,1,0.0,0.0,0.0,NO,NO_4,18.647
550 hydro,Sarp 3,hydro,6741,80.0,177831.093925293,6.0,0.0,0.9,1,0.0,0,PQ,hydro,0,0.0,Inf,1.0,54.6201294293993,0.0,1.0,0.0,Inf,0.0,0,,1,0.0,0.0,0.0,NO,NO_1,80.0
551 hydro,Savalen 2,hydro,6875,62.0,177831.093925293,530.070967741936,0.0,0.9,1,0.0,0,PQ,hydro,0,0.0,Inf,1.0,42.3306003077844,0.0,1.0,0.0,Inf,0.0,0,,1,0.0,0.0,0.0,NO,NO_1,62.0
552 hydro,Sildvik 4,hydro,6997,65.0,177831.093925293,2292.2,0.0,0.9,1,0.0,0,PQ,hydro,0,0.0,Inf,1.0,26.4737743429546,0.0,1.0,0.0,Inf,0.0,0,,1,0.0,0.0,0.0,NO,NO_4,65.0
553 hydro,Sjona 5,hydro,6934,118.0,177831.093925293,884.769230769231,0.0,0.9,1,0.0,0,PQ,hydro,0,0.0,Inf,1.0,48.0600826533637,0.0,1.0,0.0,Inf,0.0,0,,1,0.0,0.0,0.0,NO,NO_4,118.0
554 hydro,Skagen 7,hydro,6666,270.0,177831.093925293,246.186666666667,0.0,0.9,1,0.0,0,PQ,hydro,0,0.0,Inf,1.0,95.7729558070447,0.0,1.0,0.0,Inf,0.0,0,,1,0.0,0.0,0.0,NO,NO_5,270.0
555 hydro,Skar 2,hydro,6705,28.3,177831.093925293,6.0,0.0,0.9,1,0.0,0,PQ,hydro,0,0.0,Inf,1.0,17.6480339850857,0.0,1.0,0.0,Inf,0.0,0,,1,0.0,0.0,0.0,NO,NO_2,28.3
556 hydro,Ovre Tessa 4,hydro,6874,16.0,177831.093925293,3225.625,0.0,0.9,1,0.0,0,PQ,hydro,0,0.0,Inf,1.0,10.0480403124971,0.0,1.0,0.0,Inf,0.0,0,,1,0.0,0.0,0.0,NO,NO_3,16.0
557 hydro,Pikerfoss 11,hydro,6732,15.8,177831.093925293,6.0,0.0,0.9,1,0.0,0,PQ,hydro,0,0.0,Inf,1.0,10.7874755623064,0.0,1.0,0.0,Inf,0.0,0,,1,0.0,0.0,0.0,NO,NO_1,15.8
558 hydro,Ovre Svultingen,hydro,6744,6.45,177831.093925293,1079.56589147287,0.0,0.9,1,0.0,0,PQ,hydro,0,0.0,Inf,1.0,2.28790949983496,0.0,1.0,0.0,Inf,0.0,0,,1,0.0,0.0,0.0,NO,NO_5,6.45
559 hydro,Ovre Markevatn 7,hydro,6647,5.0,177831.093925293,1139.8,0.0,0.9,1,0.0,0,PQ,hydro,0,0.0,Inf,1.0,3.14001259765533,0.0,1.0,0.0,Inf,0.0,0,,1,0.0,0.0,0.0,NO,NO_3,5.0
560 hydro,Ogreyfoss 3,hydro,6356,15.2,177831.093925293,257.565789473684,0.0,0.9,1,0.0,0,PQ,hydro,0,0.0,Inf,1.0,9.4788027057704,0.0,1.0,0.0,Inf,0.0,0,,1,0.0,0.0,0.0,NO,NO_2,15.2
561 hydro,Nedre Markevatn 8,hydro,6647,2.8,177831.093925293,6.0,0.0,0.9,1,0.0,0,PQ,hydro,0,0.0,Inf,1.0,0.0,0.0,1.0,0.0,Inf,0.0,0,,1,0.0,0.0,0.0,NO,NO_3,0.0
562 hydro,Nedre Nea 3,hydro,6870,66.7,177831.093925293,13.8530734632684,0.0,0.9,1,0.0,0,PQ,hydro,0,0.0,Inf,1.0,41.8877680527221,0.0,1.0,0.0,Inf,0.0,0,,1,0.0,0.0,0.0,NO,NO_3,66.7
563 hydro,Nedre Porsa 7,hydro,7019,12.8,177831.093925293,1876.875,0.0,0.9,1,0.0,0,PQ,hydro,0,0.0,Inf,1.0,5.21329710138182,0.0,1.0,0.0,Inf,0.0,0,,1,0.0,0.0,0.0,NO,NO_4,12.8
564 hydro,Nedre Svultingen 2,hydro,6744,8.8,177831.093925293,155.681818181818,0.0,0.9,1,0.0,0,PQ,hydro,0,0.0,Inf,1.0,3.12148893000738,0.0,1.0,0.0,Inf,0.0,0,,1,0.0,0.0,0.0,NO,NO_5,8.8
565 hydro,Nedre Tessa 5,hydro,6874,23.0,177831.093925293,6.0,0.0,0.9,1,0.0,0,PQ,hydro,0,0.0,Inf,1.0,14.4440579492145,0.0,1.0,0.0,Inf,0.0,0,,1,0.0,0.0,0.0,NO,NO_3,23.0
566 hydro,Niingen 4,hydro,6996,17.0,177831.093925293,2314.0,0.0,0.9,1,0.0,0,PQ,hydro,0,0.0,Inf,1.0,6.92391021277274,0.0,1.0,0.0,Inf,0.0,0,,1,0.0,0.0,0.0,NO,NO_4,17.0
567 hydro,Nisserdam 6,hydro,6372,1.8,177831.093925293,1763.66666666667,0.0,0.9,1,0.0,0,PQ,hydro,0,0.0,Inf,1.0,0.0,0.0,1.0,0.0,Inf,0.0,0,,1,0.0,0.0,0.0,NO,NO_2,0.0
568 hydro,Nomeland 6,hydro,6365,28.7,177831.093925293,0.374564459930314,0.0,0.9,1,0.0,0,PQ,hydro,0,0.0,Inf,1.0,17.8974761615533,0.0,1.0,0.0,Inf,0.0,0,,1,0.0,0.0,0.0,NO,NO_2,28.7
569 hydro,Novle 2,hydro,6686,40.0,177831.093925293,2354.395,0.0,0.9,1,0.0,0,PQ,hydro,0,0.0,Inf,1.0,24.9442176467642,0.0,1.0,0.0,Inf,0.0,0,,1,0.0,0.0,0.0,NO,NO_2,40.0
570 hydro,Nye Verma 4,hydro,6860,23.2,177831.093925293,1500.48,0.0,0.9,1,0.0,0,PQ,hydro,0,0.0,Inf,1.0,14.5696584531207,0.0,1.0,0.0,Inf,0.0,0,,1,0.0,0.0,0.0,NO,NO_3,23.2
572 hydro,Oksebotn 3,hydro,6654,11.0,177831.093925293,1833.3,0.0,0.9,1,0.0,0,PQ,hydro,0,0.0,Inf,1.0,3.90186116250923,0.0,1.0,0.0,Inf,0.0,0,,1,0.0,0.0,0.0,NO,NO_5,11.0
573 hydro,Oksenelvane 9,hydro,6647,28.0,177831.093925293,396.857142857143,0.0,0.9,1,0.0,0,PQ,hydro,0,0.0,Inf,1.0,17.5840705468699,0.0,1.0,0.0,Inf,0.0,0,,1,0.0,0.0,0.0,NO,NO_3,28.0
574 hydro,Oldereid 7,hydro,7008,15.0,177831.093925293,2233.13333333333,0.0,0.9,1,0.0,0,PQ,hydro,0,0.0,Inf,1.0,6.10933254068183,0.0,1.0,0.0,Inf,0.0,0,,1,0.0,0.0,0.0,NO,NO_4,15.0
576 hydro,Oltesvik 4,hydro,6356,5.0,177831.093925293,45.82,0.0,0.9,1,0.0,0,PQ,hydro,0,0.0,Inf,1.0,3.11802720584553,0.0,1.0,0.0,Inf,0.0,0,,1,0.0,0.0,0.0,NO,NO_2,5.0
577 hydro,Ormsetfoss,hydro,6863,40.0,177831.093925293,1033.6875,0.0,0.9,1,0.0,0,PQ,hydro,0,0.0,Inf,1.0,25.1201007812427,0.0,1.0,0.0,Inf,0.0,0,,1,0.0,0.0,0.0,NO,NO_3,40.0
578 hydro,Orteren 2,hydro,6669,10.0,177831.093925293,2678.8,0.0,0.9,1,0.0,0,PQ,hydro,0,0.0,Inf,1.0,3.54714651137203,0.0,1.0,0.0,Inf,0.0,0,,1,0.0,0.0,0.0,NO,NO_5,10.0
579 hydro,Osa 5,hydro,6721,90.0,177831.093925293,1339.72222222222,0.0,0.9,1,0.0,0,PQ,hydro,0,0.0,Inf,1.0,61.4476456080742,0.0,1.0,0.0,Inf,0.0,0,,1,0.0,0.0,0.0,NO,NO_1,90.0
580 hydro,Osbu 8,hydro,6872,20.0,177831.093925293,4372.65,0.0,0.9,1,0.0,0,PQ,hydro,0,0.0,Inf,1.0,12.5600503906213,0.0,1.0,0.0,Inf,0.0,0,,1,0.0,0.0,0.0,NO,NO_3,20.0
581 hydro,Osen 6,hydro,6711,20.59,177831.093925293,258.0,0.0,0.9,1,0.0,0,PQ,hydro,0,0.0,Inf,1.0,12.8400360336719,0.0,1.0,0.0,Inf,0.0,0,,1,0.0,0.0,0.0,NO,NO_2,20.59
582 hydro,Oslandsbotn 3,hydro,6744,2.9,177831.093925293,911.448275862069,0.0,0.9,1,0.0,0,PQ,hydro,0,0.0,Inf,1.0,0.0,0.0,1.0,0.0,Inf,0.0,0,,1,0.0,0.0,0.0,NO,NO_5,0.0
583 hydro,Osvatn 5,hydro,6747,2.3,177831.093925293,1645.21739130435,0.0,0.9,1,0.0,0,PQ,hydro,0,0.0,Inf,1.0,0.0,0.0,1.0,0.0,Inf,0.0,0,,1,0.0,0.0,0.0,NO,NO_5,0.0
584 hydro,Nedre Fiskumfoss 5,hydro,6941,41.5,177831.093925293,6.0,0.0,0.9,1,0.0,0,PQ,hydro,0,0.0,Inf,1.0,16.9024866958864,0.0,1.0,0.0,Inf,0.0,0,,1,0.0,0.0,0.0,NO,NO_4,41.5
585 hydro,Nedalsfoss 8,hydro,7061,25.0,177831.093925293,1.848,0.0,0.9,1,0.0,0,PQ,hydro,0,0.0,Inf,1.0,15.7000629882767,0.0,1.0,0.0,Inf,0.0,0,,1,0.0,0.0,0.0,NO,NO_3,25.0
586 hydro,Myra 11,hydro,6653,3.7,177831.093925293,60.6486486486486,0.0,0.9,1,0.0,0,PQ,hydro,0,0.0,Inf,1.0,0.0,0.0,1.0,0.0,Inf,0.0,0,,1,0.0,0.0,0.0,NO,NO_5,0.0
587 hydro,Mykstufoss 5,hydro,6724,48.0,177831.093925293,6.0,0.0,0.9,1,0.0,0,PQ,hydro,0,0.0,Inf,1.0,17.0263032545857,0.0,1.0,0.0,Inf,0.0,0,,1,0.0,0.0,0.0,NO,NO_5,48.0
588 hydro,Meraker 9,hydro,7061,86.8,177831.093925293,34.0610599078341,0.0,0.9,1,0.0,0,PQ,hydro,0,0.0,Inf,1.0,54.5106186952966,0.0,1.0,0.0,Inf,0.0,0,,1,0.0,0.0,0.0,NO,NO_3,86.8
589 hydro,Mesna 4,hydro,6718,37.5,177831.093925293,1884.13866666667,0.0,0.9,1,0.0,0,PQ,hydro,0,0.0,Inf,1.0,25.6031856700309,0.0,1.0,0.0,Inf,0.0,0,,1,0.0,0.0,0.0,NO,NO_1,37.5
590 hydro,Middyr 3,hydro,6686,1.2999,177831.093925293,1153.84615384615,0.0,0.9,1,0.0,0,PQ,hydro,0,0.0,Inf,1.0,0.0,0.0,1.0,0.0,Inf,0.0,0,,1,0.0,0.0,0.0,NO,NO_2,0.0
591 hydro,Mo 10,hydro,6647,12.3,177831.093925293,6.0,0.0,0.9,1,0.0,0,PQ,hydro,0,0.0,Inf,1.0,7.72443099023212,0.0,1.0,0.0,Inf,0.0,0,,1,0.0,0.0,0.0,NO,NO_3,12.3
592 hydro,Moflat 4,hydro,6723,30.0,177831.093925293,6.0,0.0,0.9,1,0.0,0,PQ,hydro,0,0.0,Inf,1.0,18.7081632350732,0.0,1.0,0.0,Inf,0.0,0,,1,0.0,0.0,0.0,NO,NO_2,30.0
593 hydro,Moksa 5,hydro,6718,15.0,177831.093925293,6.0,0.0,0.9,1,0.0,0,PQ,hydro,0,0.0,Inf,1.0,10.2412742680124,0.0,1.0,0.0,Inf,0.0,0,,1,0.0,0.0,0.0,NO,NO_1,15.0
594 hydro,Mobaek Molle 12,hydro,6653,2.025,177831.093925293,6.0,0.0,0.9,1,0.0,0,PQ,hydro,0,0.0,Inf,1.0,0.0,0.0,1.0,0.0,Inf,0.0,0,,1,0.0,0.0,0.0,NO,NO_5,0.0
595 hydro,Morre 2,hydro,6863,13.6,177831.093925293,171.411764705882,0.0,0.9,1,0.0,0,PQ,hydro,0,0.0,Inf,1.0,8.5408342656225,0.0,1.0,0.0,Inf,0.0,0,,1,0.0,0.0,0.0,NO,NO_3,13.6
596 hydro,Mossefossen,hydro,6739,3.1,177831.093925293,1318.70967741936,0.0,0.9,1,0.0,0,PQ,hydro,0,0.0,Inf,1.0,0.0,0.0,1.0,0.0,Inf,0.0,0,,1,0.0,0.0,0.0,NO,NO_1,0.0
597 hydro,Mosvik 4,hydro,6870,37.0,177831.093925293,1611.48648648649,0.0,0.9,1,0.0,0,PQ,hydro,0,0.0,Inf,1.0,23.2360932226495,0.0,1.0,0.0,Inf,0.0,0,,1,0.0,0.0,0.0,NO,NO_3,37.0
598 hydro,Fortun 8,hydro,6666,270.0,177831.093925293,6.0,0.0,0.9,1,0.0,0,PQ,hydro,0,0.0,Inf,1.0,95.7729558070447,0.0,1.0,0.0,Inf,0.0,0,,1,0.0,0.0,0.0,NO,NO_5,270.0
